:020000040800F2
:100000004809002465030008E19B0008E19000080E
:10001000D99B0008F9080008E1BF000800000000B3
:10002000000000000000000000000000E9A300083C
:10003000010900080000000041A0000849A40008D0
:100040008303000883030008830300088303000878
:100050008303000883030008830300088303000868
:100060008303000883030008830300088303000858
:100070008303000883030008830300088303000848
:100080008303000883030008E908000883030008CD
:100090008303000883030008830300088303000828
:1000A00083030008C9A6000883030008830300082F
:1000B0008303000883030008830300088303000808
:1000C00083030008830300088303000883030008F8
:1000D00083030008830300088303000883030008E8
:1000E0008303000883030008000000008303000866
:1000F00083030008830300088303000883030008C8
:100100008303000883030008D9A6000883030008BE
:10011000830300088303000883030008E9A600089E
:100120008303000883030008830300088303000897
:100130008303000883030008830300088303000887
:1001400000000000000000000000000000000000AF
:100150008303000883030008830300088303000867
:100160008303000883030008830300088303000857
:1001700083030008830300088303000800000000D5
:100180008303000883030008830300088303000837
:100190008303000883030008830300088303000827
:1001A0008303000883030008830300088303000817
:1001B0008303000883030008830300088303000807
:1001C00083030008830300088303000883030008F7
:1001D00083030008830300088303000883030008E7
:1001E00083030008830300088303000883030008D7
:1001F00083030008830300088303000883030008C7
:1002000083030008830300088303000883030008B6
:1002100083030008830300088303000883030008A6
:100220008303000883030008830300080000000024
:100230008303000883030008000000008303000814
:100240008303000883030008830300088303000876
:100250008303000883030008830300088303000866
:100260008303000883030008830300088303000856
:1002700083030008830300088303000800000000D4
:1002800083030008830300088303000800000000C4
:10029000000000008303000800F002F800F052F8AC
:1002A00014A696E8000CB244B344DA4501D100F03C
:1002B00049F8BAE80F000FA696E83000A5EB040550
:1002C00004EB0607AAEB0704A7F101074FEA15158F
:1002D0004FEA3414A4F10104AC4201D300F032F827
:1002E00013F0010F18BFFB1A43F0010300F001F8EF
:1002F000DBE71847ECCE00000CCF0000103A24BF1B
:1003000078C878C1FAD8520724BF30C830C144BF7A
:1003100004680C6070470000704700000023002450
:1003200000250026103A28BF78C1FBD8520728BF05
:1003300030C148BF0B6070471FB50CF012FF1FBDE6
:1003400010B510BD00F0E8F81146FFF7F5FF0BF00F
:10035000DBFE00F006F903B4FFF7F2FF03BC00F088
:1003600009F900000A4880470A4880470A480047C0
:10037000FEE7FEE7FEE7FEE7FEE7FEE7FEE7FEE755
:10038000FEE7FEE705480649064A074B70470000AE
:100390001909000839A5000899020008480300243B
:1003A00048090024480500244805002453EA020CAB
:1003B00000F069802DE9F04B4FF00006002B1FBFC5
:1003C000B3FA83F503FA05F424FA05F65E4012BF8A
:1003D0001643B2FA82F502FA05F4C5F120051EBFF4
:1003E00022FA05FC44EA0C04203556EA044C4FEA94
:1003F000144418BF641C4FF000084FF000099042ED
:1004000071EB030C39D3002919BFB1FA81F701FA56
:1004100007F6B0FA80F700FA07F6C7F120071EBF0B
:1004200020FA07FC46EA0C062037B6FBF4FCA7EBE3
:100430000507103F07F01F0BCBF120062CFA06F63C
:100440000CFA0BFB44BFB3460026202FA4BF5E4628
:100450004FF0000B5BEA060C08BF4FF0010B19EBE5
:100460000B0948EB0608ABFB027C06FB02CC0BFB3E
:1004700003CCC01B71EB0C01C1E70B4602464146A1
:100480004846BDE8F08B13B5084318BF4FF0FF3066
:100490000146AFF30080BDE81C4070474FF00002FA
:1004A00000B5134694469646203922BFA0E80C506A
:1004B000A0E80C50B1F12001BFF4F7AF090728BF45
:1004C000A0E80C5048BF0CC05DF804EB890028BFC1
:1004D00040F8042B08BF704748BF20F8022B11F0EA
:1004E000804F18BF00F8012B704770477047704766
:1004F00010B500F009F8006810BD10B5044600F012
:1005000003F8046010BD000000487047700000242C
:1005100000487047700000247546FFF7F9FFAE46AB
:1005200005006946534620F00700854618B020B5FF
:10053000FFF728FFBDE820404FF000064FF000070E
:100540004FF000084FF0000BAC46ACE8C009ACE837
:10055000C009ACE8C009ACE8C00921F007018D462C
:10056000704710B50446AFF300802046BDE8104048
:10057000FFF7F1BE01491820ABBEFEE726000200DE
:10058000704700000000000080B584B0039003981D
:10059000006842F20001C4F20201884209D0FFE77C
:1005A0000398006842F20011C4F20201884209D1A6
:1005B000FFE742F20830C4F20200006810F4403F46
:1005C00009D129E046F20830C5F60200006810F4AF
:1005D000403F21D0FFE706F063F90290039840689E
:1005E0000190B0F5803F0AD0FFE70198B0F5003FD9
:1005F00005D0FFE70198B0F5403F07D00AE0039827
:10060000C1880298B0FBF1F0029004E002988008E3
:10061000029000E0FFE75FE04FF40020002104F0CB
:100620007BF80290039840680090B0F5802F32D09C
:10063000FFE70098B0F5002F2DD0FFE70098B0F548
:10064000402F28D0FFE70098B0F5801F23D0FFE7A8
:100650000098B0F5A01F1ED0FFE70098B0F5C01FAE
:1006600019D0FFE70098B0F5E01F1FD0FFE7009812
:10067000B0F5001F1ED0FFE70098B0F5101F1DD089
:10068000FFE70098B0F5201F1CD0FFE70098B0F5F9
:10069000301F1BD01EE0039841686FF0010000EA94
:1006A00051410298B0FBF1F0029014E00298000969
:1006B000029010E00298400902900CE00298800934
:1006C000029008E00298C009029004E00298000A33
:1006D000029000E0FFE7FFE703F07EFA41F203013A
:1006E000884217D8FFE7029842F60151C0F2311153
:1006F000884207D3FFE703980168886840F4807058
:10070000886006E003980168886820F4807088603B
:10071000FFE743E0029840080290029845F6106116
:10072000C0F25F01884209D8FFE70398006880683B
:1007300020F440700399096888602EE002984BF617
:100740002041C0F2BE0188420AD8FFE70398006842
:100750008068012161F309200399096888601BE022
:10076000029847F64001C0F27D1188420AD8FFE79F
:10077000039800688068022161F3092003990968E1
:10078000886008E003980068806840F4407003992E
:1007900009688860FFE7FFE7FFE7FFE704B080BD77
:1007A00080B586B004900498006808F04DFD0028DC
:1007B00040F09280FFE70498006880683F21C8F20B
:1007C000000108420ED0FFE70499486D40F0100088
:1007D00048650499886D40F00100886501208DF816
:1007E00017007DE00498006808F08AFC03F0FCF92B
:1007F000039004980168012042F20002C4F2020250
:10080000914201900CD0FFE7049800684DF600710A
:10081000CBF6FD710844B0FA80F040090190FFE783
:100820000198C10746F20030C5F6020000291CBF3E
:1008300042F20030C4F2020008F09AFC02900498E0
:10084000006842F20011C4F20201884206D1FFE7BB
:1008500042F20000C4F20200009003E00498006835
:100860000090FFE7009804990968884203D0FFE7E9
:10087000029880BBFFE7FFE7049800680068C007A4
:1008800040BBFFE70498006808F0DEFC28B9FFE7EA
:100890000498006808F034FCFFE703F0A5F9039919
:1008A000401A032815D3FFE7049800680068C007C2
:1008B00070B9FFE70499486D40F01000486504994D
:1008C000886D40F00100886501208DF8170007E071
:1008D000FFE7D1E7FFE7FFE700208DF81700FFE70C
:1008E0009DF8170006B080BD80B540F26810C2F2D6
:1008F000004002F035FA80BDFFE7FEE7000000008F
:10090000704700000000000081B0EFF3108072B665
:100910000090FFE7FEE7000044F60C01C5F6020177
:10092000086840F002000860FFE744F60400C5F6DE
:10093000020000688004002801D4FFE7F5E7704753
:1009400080B58AB0099008918DED070A099890ED5D
:10095000010A8DED020A9DED070A0BF01BFC8DEDDF
:10096000010A099890ED000A8DED030A9DED070A32
:100970000BF0B8FC9DED012A9DED021AB0EE403A55
:100980009DED030A20EE030A91EE020A089880ED1D
:10099000000A099890ED010A8DED050A9DED070A00
:1009A0000BF0A0FC8DED040A099890ED000A8DED86
:1009B000060A9DED070A0BF0EDFB9DED042A9DED67
:1009C000051AB0EE403A9DED060A20EE030AA1EEAC
:1009D000020A089880ED010A0AB080BD00000000FC
:1009E00080B584B003900291039800680299086072
:1009F000039890ED000A90ED011AB0EE002AA1EEE6
:100A0000020A8DED010AB0EE080A0BF070FDB0EE9F
:100A1000401A9DED010A80EE010A029880ED010A5C
:100A200004B080BD0000000080B58AB00990089134
:100A30008DED070A089890ED010A8DED020A9DEDF3
:100A4000070A0BF0A7FB8DED010A089890ED000A4C
:100A50008DED030A9DED070A0BF044FC9DED012A84
:100A60009DED021AB0EE403A9DED030A20EE030A16
:100A700091EE020A099880ED000A089890ED010AAB
:100A80008DED050A9DED070A0BF02CFC8DED040A97
:100A9000089890ED000A8DED060A9DED070A0BF00F
:100AA00079FB9DED042A9DED051AB0EE403A9DEDCF
:100AB000060A20EE030AA1EE020A099880ED010A57
:100AC0000AB080BD0000000080B594B008910146D6
:100AD000089809918DED120ACDED130A8DF84700A3
:100AE0008DED101A002088604860086012980F9001
:100AF00013980E909DED0F0A9DED0E1A30EE010A2F
:100B00008DED0D0A9DED0D0A9DED101AB4EE410A12
:100B1000F1EE10FA19DDFFE79DED0F0A9DED0D1ABC
:100B200080EE010A9DED101A20EE010A8DED0F0AEC
:100B30009DED0E0A9DED0D1A80EE010A9DED101A35
:100B400020EE010A8DED0E0AFFE79DED100A9DEDE6
:100B50000F1A30EE410A9DED0E1A30EE410A10EEEA
:100B6000100A0CF08DFA41EC100B51EC100B9FEDBC
:100B7000700B53EC102B0BF0CBFF41EC100B51EC36
:100B8000100B0BF08FFD0C900C980CF079FA41ECE7
:100B9000100B8DED000B0F980CF072FA41EC100B5E
:100BA00051EC100B9FED640B53EC102B039302924E
:100BB0000BF0AEFF9DED000B41EC110B53EC112B34
:100BC00051EC100B0BF0A0FD41EC100B51EC100B95
:100BD0000BF068FD0B900B980CF052FA41EC100BE7
:100BE0008DED040B0E980CF04BFA029A039B41EC2E
:100BF000100B51EC100B0BF08BFF9DED040B41EC37
:100C0000110B53EC112B51EC100B0BF07DFD41EC53
:100C1000100B51EC100B0BF045FD0A909DF84700AE
:100C2000013801460791052800F27E800799DFE828
:100C300001F01767033F2B5309989DED0C0ABCEE9A
:100C4000C00A80ED000A9DED0B0ABCEEC00A80EDE3
:100C5000010A9DED0A0ABCEEC00A80ED020A64E0BA
:100C600009989DED0B0ABCEEC00A80ED000A9DEDCF
:100C70000C0ABCEEC00A80ED010A9DED0A0ABCEE2A
:100C8000C00A80ED020A50E009989DED0A0ABCEE08
:100C9000C00A80ED000A9DED0C0ABCEEC00A80ED92
:100CA000010A9DED0B0ABCEEC00A80ED020A3CE091
:100CB00009989DED0A0ABCEEC00A80ED000A9DED80
:100CC0000B0ABCEEC00A80ED010A9DED0C0ABCEED9
:100CD000C00A80ED020A28E009989DED0B0ABCEEDF
:100CE000C00A80ED000A9DED0A0ABCEEC00A80ED44
:100CF000010A9DED0C0ABCEEC00A80ED020A14E068
:100D000009989DED0C0ABCEEC00A80ED000A9DED2D
:100D10000A0ABCEEC00A80ED010A9DED0B0ABCEE8A
:100D2000C00A80ED020A00E0FFE714B080BD00BFFA
:100D3000000000000000D03F000000000000E03F85
:100D400080B596B08DED150ACDED140A1498139068
:100D50009FED4D0B8DED060B0BF08CFB8DED000B1D
:100D600015980CF08DF941EC100B8DED020B1498D9
:100D70000CF086F99DED001B9DED020B41EC120B72
:100D80008DED042B51EC110B53EC102B0BF0C0FE2E
:100D90009DED040B41EC110B51EC110B53EC102B9E
:100DA0000CF080F841EC100B51EC100B0BF07AFCBE
:100DB0009DED060B12900BF05DFB8DED0E0B9DF87B
:100DC0003F0080F080008DF83F000E980A900F9849
:100DD0000B9015980CF054F941EC100B8DED080BAD
:100DE00014980CF04DF99DED080B02460A980B463D
:100DF0000B9943EC112B8DED0C1B53EC102B0BF0CE
:100E000087FE9DED0C0B41EC110B51EC110B53ECDB
:100E1000102B0CF047F841EC100B51EC100B0BF0C1
:100E200041FC119000208DF843009DED130AB5EEB2
:100E3000400AF1EE10FA06DDFFE79DF843000130AD
:100E40008DF84300FFE79DED120AB5EE400AF1EE82
:100E500010FA06DDFFE79DF8430002308DF84300ED
:100E6000FFE79DED110AB5EE400AF1EE10FA06DD3E
:100E7000FFE79DF8430004308DF84300FFE79DF83D
:100E8000430016B080BD00BF000000000000084015
:100E900080B5ACB08DED290ACDED280A8DF89F0004
:100EA0008DED261ACDED251A00202B902A909FED6E
:100EB000C00B8DED160B0BF0DDFA8DED000B2598B8
:100EC0000CF0DEF89DED001B41EC100B51EC110B0A
:100ED00053EC102B0BF01CFE41EC100B8DED020BB4
:100EE00026980CF0CDF89DED021B41EC100B51EC57
:100EF000110B53EC102B0BF0AFFC41EC100B8DEDF4
:100F0000040B28980CF0BCF89DED041B41EC100B71
:100F100051EC110B53EC102B0BF0FAFD41EC100BC4
:100F200051EC100B0BF0BEFB9DED160B24900BF05B
:100F3000A1FA8DED060B25980CF0A2F89DED061B8D
:100F400041EC100B51EC110B53EC102B0BF0E0FDAE
:100F500041EC100B8DED080B26980CF091F89DEDEF
:100F6000081B41EC100B51EC110B53EC102B0BF048
:100F700073FC9DED160B41EC110B8DED101B0BF06E
:100F800079FA9FED8D1B53EC112B51EC100B0BF0EC
:100F9000BFFD41EC100B8DED0A0B29980CF070F899
:100FA00041EC100B8DED0C0B9DED280AB6EE001AEE
:100FB0008DED191A20EE010A10EE100A0CF060F8FF
:100FC0009DED0A1B9DED0C0B41EC120B8DED0E2BD4
:100FD00051EC110B53EC102B0BF09AFD9DED0E0B09
:100FE00053EC102B41EC100B51EC100B0BF05AFF93
:100FF0009DED100B41EC110B53EC112B51EC100B30
:101000000BF086FD41EC100B51EC100B0BF04AFB82
:101010009DED160B23900BF02DFA8DED120B2598FC
:101020000CF02EF89DED121B41EC100B51EC110B46
:1010300053EC102B0BF06CFD41EC100B8DED140BF1
:1010400026980CF01DF89DED141B41EC100B51EC93
:10105000110B53EC102B0BF0FFFB9DED160B41EC2D
:10106000110B8DED201B0BF005FA9FED551B53EC7A
:10107000112B51EC100B0BF04BFD41EC100B8DEDD7
:101080001A0B29980BF0FCFF9DED191A41EC100B7F
:101090008DED1C0B9DED280A20EE010A10EE100AC2
:1010A0000BF0EEFF9DED1A1B9DED1C0B41EC120B9E
:1010B0008DED1E2B51EC110B53EC102B0BF028FD7A
:1010C0009DED1E0B53EC102B41EC100B51EC100B53
:1010D0000BF0E8FE9DED200B41EC110B53EC112BB6
:1010E00051EC100B0BF014FD41EC100B51EC100BFC
:1010F0000BF0D8FA22909DF89F00032805D1FFE756
:1011000023982A9024982B90FFE79DF89F000128B0
:101110000DD1FFE79DED230AB1EE400A8DED2A0ABD
:101120009DED220AB1EE400A8DED2B0AFFE79DF8F6
:101130009F00052805D1FFE724982A9022982B903C
:10114000FFE79DF89F0004280DD1FFE79DED240ADD
:10115000B1EE400A8DED2A0A9DED230AB1EE400A58
:101160008DED2B0AFFE79DF89F00062805D1FFE7CC
:1011700022982A9023982B90FFE79DF89F00022841
:101180000DD1FFE79DED220AB1EE400A8DED2A0A4E
:101190009DED240AB1EE400A8DED2B0AFFE79DED8F
:1011A0002A0ADDED2B0A2CB080BD00BF00BF00BFB6
:1011B0000000000000000840000000000000E03FC8
:1011C000000000000000E0BF80B540F21820C2F22D
:1011D000004006F01DFC80BD80B584B003900398EC
:1011E000006808F051F801900398006807F0F0FFDC
:1011F0000090019868B9FFE7009850B9FFE703989D
:1012000000684FF0004107F0F7FF00208DF80B0059
:1012100003E001208DF80B00FFE79DF80B0004B000
:1012200080BD00000000000081B0009001B0704758
:1012300080B5C6B03290319100208DF8C3002B905C
:101240002A903298C06808B1FFE7FFE7329890F81B
:101250003800012801D1FFE700E0FFE73198C068BE
:101260000021C4F2FF71884201D0FFE71EE03298EE
:10127000006842F20001C4F20201884201D1FFE796
:10128000FFE73298006842F20011C4F2020188427E
:1012900001D1FFE7FFE73298006846F20001C5F68A
:1012A0000201884201D1FFE7FFE7FFE7FFE732983D
:1012B00090F85000012805D1FFE702208DF8CF00FB
:1012C00000F0F7BD3299012081F85000FFE7FFE7F9
:1012D0003298C06828B1FFE73198006A01282FD101
:1012E000FFE731984068092829D1FFE73198806AE3
:1012F00068B1FFE731990A68886AC96A02F0F84262
:1013000000F07C0040EA524008432A9006E0319801
:10131000006800F0F840400C2A90FFE7329800681F
:10132000C06C44F20001C0F2104108402A99084301
:1013300032990968C8642A983299C865FFE747E07E
:101340003298006EE0B9FFE73198006A329908667A
:1013500032990020C8653198806A58B1FFE7319909
:10136000086A8A6AC96A013802F07C02104308439D
:101370002A9004E03198006A01382A90FFE7FFE7DD
:10138000319908684968C0F3846001F01F0100FAD0
:1013900001F12A9808432A903299086E01380866AC
:1013A0002A9A3299C86D1043C8653298006E70B998
:1013B000FFE732980068C06C44F20001C0F21041AF
:1013C0000840329A1168D26D1043C864FFE7FFE706
:1013D0003298006807F0FCFE002859D1FFE73198E9
:1013E000C078000600282DD4FFE73198006800037C
:1013F00030B9FFE731980068C0F38460299015E0A8
:101400003198006890FAA0F04490449820B9FFE722
:1014100020208DF8170105E04498B0FA80F08DF88F
:101420001701FFE79DF817012990FFE7299800F0C1
:101430001F01012000FA01F232980168C8691043C7
:10144000C861FFE7319890F8250090B9FFE732981E
:101450000068C06820F44010319991F8242091F878
:101460002610490541EA0251084332990968C860CB
:101470000DE032980068C06820F44010319991F86E
:10148000261040EA415032990968C860FFE7FFE73B
:101490003298006807F0F8FE2D903298006807F047
:1014A00097FE2C902D98002840F02682FFE72C987C
:1014B000002840F02182FFE73198806A20B1FFE7E1
:1014C0003198C06AA8B9FFE7319890F82500012843
:1014D00007D1FFE732980168C86840F00070C86023
:1014E00006E032980168C86820F00070C860FFE725
:1014F00016E0319890F82500012809D1FFE73299CC
:10150000486D40F02000486501208DF8C30006E0DA
:1015100032980168C86820F00070C860FFE7FFE7F4
:10152000319890F83000012818D1FFE73298006810
:1015300000694FF61D61CFF6004101403198436BC1
:10154000826B0020CFF6FF7000EB0340104308438E
:1015500040F0020032990968086106E0329801689B
:10156000086920F002000861FFE732980068319AAC
:101570001168926807F038FF41F20000C5F600409C
:10158000006800F07040B0F1805F0BD1FFE7319848
:10159000406932990968C96801F01C01490888400E
:1015A00028901FE032980068C068C00600280BD45D
:1015B000FFE73198406932990968C96801F01C0158
:1015C0004908884027900AE03198406932990968B3
:1015D000C96801F01001490888402790FFE7279863
:1015E0002890FFE728982F9031980069042815D09B
:1015F000FFE73298006831990A6809692F9B07F064
:10160000A7FF32980068319A1169127F013AB2FA45
:1016100082F25209D20707F0CBFF6CE132980068E2
:10162000002107F0B5FD000348B9FFE732980068D4
:10163000002107F0ADFDC0F38460269018E03298D9
:101640000068002107F0A4FD90FAA0F042904298B3
:1016500020B9FFE720208DF80F0105E04298B0FA8D
:1016600080F08DF80F01FFE79DF80F012690FFE74E
:101670002698259031980068000330B9FFE731982B
:101680000068C0F38460249015E03198006890FAF7
:10169000A0F04090409820B9FFE720208DF8070186
:1016A00005E04098B0FA80F08DF80701FFE79DF85B
:1016B00007012490FFE725982499884209D1FFE784
:1016C0003298006831990A680023194607F040FFF4
:1016D000FFE732980068012107F05AFD000348B97E
:1016E000FFE732980068012107F052FDC0F38460E3
:1016F000239018E032980068012107F049FD90FA24
:10170000A0F03E903E9820B9FFE720208DF8FF0022
:1017100005E03E98B0FA80F08DF8FF00FFE79DF8F5
:10172000FF002390FFE72398229031980068000380
:1017300030B9FFE731980068C0F38460219015E06C
:101740003198006890FAA0F03C903C9820B9FFE7EF
:1017500020208DF8F70005E03C98B0FA80F08DF875
:10176000F700FFE79DF8F7002190FFE72298219905
:10177000884209D1FFE73298006831990A6801214F
:10178000002307F0E5FEFFE732980068022107F02A
:10179000FFFC000348B9FFE732980068022107F018
:1017A000F7FCC0F38460209018E0329800680221B2
:1017B00007F0EEFC90FAA0F03A903A9820B9FFE7D3
:1017C00020208DF8EF0005E03A98B0FA80F08DF80F
:1017D000EF00FFE79DF8EF002090FFE720981F90B3
:1017E00031980068000330B9FFE731980068C0F312
:1017F00084601E9015E03198006890FAA0F038904F
:10180000389820B9FFE720208DF8E70005E03898E8
:10181000B0FA80F08DF8E700FFE79DF8E7001E9032
:10182000FFE71F981E99884209D1FFE732980068A8
:1018300031990A680321002307F08AFEFFE73298F6
:101840000068032107F0A4FC000348B9FFE73298C1
:101850000068032107F09CFCC0F384601D9018E031
:1018600032980068032107F093FC90FAA0F03690BC
:10187000369820B9FFE720208DF8DF0005E0369884
:10188000B0FA80F08DF8DF00FFE79DF8DF001D90D3
:10189000FFE71D981C9031980068000330B9FFE7FE
:1018A00031980068C0F384601B9015E0319800689F
:1018B00090FAA0F03490349820B9FFE720208DF8FA
:1018C000D70005E03498B0FA80F08DF8D700FFE734
:1018D0009DF8D7001B90FFE71C981B99884209D1FF
:1018E000FFE73298006831990A680321002307F066
:1018F0002FFEFFE7FFE7FFE73298006807F0ACFC38
:10190000002840F0CB82FFE732980068319A1168D6
:10191000D26807F0A1FD3198C0680021C4F2FF71C0
:10192000884240F05781FFE7329800681A9042F2EF
:101930000001C4F20201884240F0A480FFE7319820
:1019400000680221C0F23041884203D1FFE7012044
:10195000199094E0319800680421C0F66001884233
:1019600005D1FFE74020C1F62010189084E031989F
:1019700000680821C0F69041884205D1FFE7802029
:10198000C1F65050179074E0319800681021C1F2F0
:10199000C001884206D1FFE740F20010C2F2801079
:1019A000169063E0319800682021C1F2F04188422E
:1019B00006D1FFE740F20020C2F2B050159052E08D
:1019C0003198006840F20041C2F60021884206D1F9
:1019D000FFE740F60000C2F63060149040E0319816
:1019E000006840F60001C2F63061884206D1FFE788
:1019F00041F20000C3F2602013902EE0319800689D
:101A000041F20001C3F26021884206D1FFE742F2B1
:101A10000000C3F2906012901CE031980068002131
:101A2000C4F22131884205D1FFE70020C4F2527090
:101A300011900CE0319801680022C4F68432002035
:101A4000914204BF0020C4F6B8701190FFE71198CE
:101A50001290FFE712981390FFE713981490FFE796
:101A600014981590FFE715981690FFE716981790B1
:101A7000FFE717981890FFE718981990FFE7199853
:101A80001090A2E03298006842F20011C4F2020104
:101A9000884240F09480FFE7319800680221C0F24C
:101AA0003041884203D1FFE701200F9084E0319854
:101AB00000680421C0F66001884205D1FFE740209C
:101AC000C1F620100E9074E0319800680821C0F62D
:101AD0009041884205D1FFE78020C1F650500D901B
:101AE00064E0319800681021C1F2C001884206D13B
:101AF000FFE740F20010C2F280100C9053E03198E2
:101B000000682021C1F2F041884206D1FFE740F28F
:101B10000020C2F2B0500B9042E03198006840F2D1
:101B20000041C2F60021884206D1FFE740F60000DE
:101B3000C2F630600A9030E03198006840F600014B
:101B4000C2F63061884206D1FFE741F20000C3F2DD
:101B5000602009901EE03198006841F20001C3F254
:101B60006021884206D1FFE742F20000C3F2906094
:101B700008900CE0319801680022C4F684320020FD
:101B8000914204BF0020C4F6B8700890FFE708989F
:101B90000990FFE709980A90FFE70A980B90FFE782
:101BA0000B980C90FFE70C980D90FFE70D980E90A6
:101BB000FFE70E980F90FFE70F98079002E00020D4
:101BC0000790FFE707981090FFE71A98109907F021
:101BD000BFFBFFE73198C0780006002840F15D8127
:101BE000FFE732980168012042F20002C4F20202CB
:101BF000914206900CD0FFE7329800684DF60071D4
:101C0000CBF6FD710844B0FA80F040090690FFE77A
:101C10000698C10746F20030C5F6020000291CBF35
:101C200042F20030C4F2020042F20031C4F202017A
:101C3000884212D1FFE742F20000C4F2020007F02E
:101C40000BFB049042F20010C4F2020007F004FB08
:101C5000014604980843059007E046F20000C5F6E7
:101C6000020007F0F9FA0590FFE70598002840F018
:101C70000A81FFE732980168012042F20002C4F2B3
:101C80000202914203900CD0FFE7329800684DF6B3
:101C90000071CBF6FD710844B0FA80F04009039062
:101CA000FFE70398C10746F20030C5F6020000299D
:101CB0001CBF42F20030C4F2020007F049FA2E9035
:101CC0003198006840F20001CCF68431884255D149
:101CD000FFE79DF8BA00000600284FD4FFE73298CE
:101CE000006846F20001C5F60201884245D1FFE7CF
:101CF00032980168012042F20002C4F202029142CD
:101D000002900CD0FFE7329800684DF60071CBF6D8
:101D1000FD710844B0FA80F040090290FFE7029894
:101D2000C10746F20030C5F6020000291CBF42F28E
:101D30000030C4F202002E9941F4000107F0C8FB04
:101D400040F26000C2F2004000684FEA901042F694
:101D50006351C0F23E51A0FB01104FEA90114FF0C9
:101D6000020000EB41002B90FFE72B9820B1FFE72A
:101D70002B9801382B90F8E7FFE783E03198006853
:101D80000021CCF25271884238D1FFE79DF8BB00A8
:101D9000C00798BBFFE73298006846F20001C5F61D
:101DA0000201884229D1FFE732980168012042F2FE
:101DB0000002C4F20202914201900CD0FFE7329877
:101DC00000684DF60071CBF6FD710844B0FA80F062
:101DD00040090190FFE70198C10746F20030C5F6BF
:101DE000020000291CBF42F20030C4F202002E990A
:101DF00041F0807107F06CFBFFE742E0319800682A
:101E00000021CCF6B871884239D1FFE79DF8BA00BD
:101E10004006002833D4FFE73298006846F20001FC
:101E2000C5F60201884229D1FFE7329801680120F6
:101E300042F20002C4F20202914200900CD0FFE78D
:101E4000329800684DF60071CBF6FD710844B0FA87
:101E500080F040090090FFE70098C10746F200308B
:101E6000C5F6020000291CBF42F20030C4F2020095
:101E70002E9941F4800107F02BFBFFE700E0FFE71C
:101E8000FFE7FFE708E03299486D40F02000486521
:101E900001208DF8C300FFE7FFE7FFE7FFE7329976
:101EA000002081F85000FFE79DF8C3008DF8CF00B7
:101EB000FFE79DF8CF0046B080BD000000000000A5
:101EC00080B58EB00D900D9840F26811C2F20041BD
:101ED000884240F08180FFE707F056FF40F2FC00A7
:101EE000C2F200400290416840F20000C2F200409D
:101EF0000190416007F0B0FE01990298896840F2B4
:101F00005802C2F2004204925160016840F22C0073
:101F1000C2F200400390416007F09EFE03990498CE
:101F20008968016040F2F001C2F2004191ED000ABF
:101F300040F23411C2F200410591FEF701FD05980F
:101F400090ED000AD0ED010AFEF7FAFE059902466F
:101F500040F23010C2F200400690027091ED000A8B
:101F6000D1ED010A0078B3EE081ADFED1C1ACDEDB1
:101F7000071AFEF78DFF06999DED071A8DED0B0AE6
:101F8000CDED0C0A40F26010C2F200400B9A0C9B9F
:101F900043600260097890ED000AD0ED010A08A8BC
:101FA000FEF792FD40F23C10C2F200400899099AF7
:101FB0000A9B83604260016001683422C4F201021E
:101FC000116041683822C4F20102116080683C212E
:101FD000C4F201010860FFE70EB080BD0080BB467F
:101FE00081B0009001B0704780B588B00690069827
:101FF0000168012042F20002C4F202029142029002
:102000000CD0FFE7069800684DF60071CBF6FD7125
:102010000844B0FA80F040090290FFE70298C10737
:1020200046F20030C5F6020000291CBF42F2003023
:10203000C4F2020007F0A4F803900698006807F0C5
:10204000C7F820B1FFE702208DF81F00E9E00698ED
:102050000068C06800F00040049006980068C06CFA
:1020600010F4C07F0CD1FFE7049848B9FFE7069948
:10207000486D40F02000486501208DF81F00D0E039
:10208000FFE7069890F85000012804D1FFE70220EE
:102090008DF81F00C5E00699012081F85000FFE788
:1020A000FFE70698FEF77CFB8DF817009DF81700F8
:1020B000002840F0AA80FFE70698406DC005002880
:1020C00006D5FFE70699886D20F00800886503E0D3
:1020D000069900208865FFE70698406D40F480501F
:1020E00042F201018843069948650698006842F269
:1020F0000011C4F20201884206D1FFE742F200005B
:10210000C4F20200019003E0069800680190FFE726
:10211000019806990968884203D0FFE7039830B90F
:10212000FFE70699486D20F480104865FFE70698A0
:10213000016860200860FFE70699002081F85000E0
:10214000FFE706980068C0688002002807D5FFE70F
:1021500006980168486840F480604860FFE7069888
:10216000006908280DD1FFE706980168486820F04B
:102170002000486006980168486840F040004860C8
:102180000CE006980168486820F040004860069816
:102190000168486840F020004860FFE70698006842
:1021A00042F20011C4F20201884206D1FFE742F276
:1021B0000000C4F20200009003E00698006800905E
:1021C000FFE700980699096888420BD0FFE703985B
:1021D00040B1FFE70398062804D0FFE703980728DB
:1021E0000CD1FFE70698006806F0E2FF28B9FFE788
:1021F0000698006807F010F8FFE705E00699486DBB
:1022000040F480104865FFE706E0FFE706990020EC
:1022100081F85000FFE7FFE79DF817008DF81F00D9
:10222000FFE79DF81F0008B080BD0000000000001F
:1022300081B0009001B0704781B0009001B070474C
:1022400080B5A6B02490239100208DF88B002398B0
:10225000006808B1FFE7FFE7FFE7249890F8500017
:10226000012804D1FFE702208DF897002DE1249981
:10227000012081F85000FFE7FFE700201D901E902D
:102280002498006842F20001C4F20201884206D19B
:10229000FFE742F20010C4F20200089002E00020C2
:1022A0000890FFE7089878B9FFE72499486D40F057
:1022B00020004865FFE72499002081F85000FFE7DF
:1022C00001208DF8970000E1089806F0DDFF0790E7
:1022D0002498006806F0D8FF002840F0E280FFE76D
:1022E0000798002840F0DD80FFE72498016801206E
:1022F00042F20002C4F20202914206900CD0FFE7C3
:10230000249800684DF60071CBF6FD710844B0FAD0
:1023100080F040090690FFE70698C10746F20030BA
:10232000C5F6020000291CBF42F20030C4F20200D0
:1023300021902398006800285ED0FFE721988068EC
:1023400020F44040239949680843219988602498E3
:102350000168012042F20002C4F20202914205909B
:102360000CD0FFE7249800684DF60071CBF6FD71A4
:102370000844B0FA80F040090590FFE70598C107CE
:1023800046F20030C5F6020000291CBF42F20030C0
:10239000C4F2020042F20031C4F20201884212D1BA
:1023A000FFE742F20000C4F2020006F055FF03907E
:1023B00042F20010C4F2020006F04EFF01460398FC
:1023C0000843049007E046F20000C5F6020006F05C
:1023D00043FF0490FFE7049868B9FFE721988068FD
:1023E00040F61F718843239A11689268114308438D
:1023F00021998860FFE753E02199886820F44040E4
:10240000886024980168012042F20002C4F20202AE
:10241000914202900CD0FFE7249800684DF60071BD
:10242000CBF6FD710844B0FA80F040090290FFE756
:102430000298C10746F20030C5F6020000291CBF11
:1024400042F20030C4F2020042F20031C4F2020152
:10245000884212D1FFE742F20000C4F2020006F007
:10246000FBFE009042F20010C4F2020006F0F4FEFF
:10247000014600980843019007E046F20000C5F6C7
:10248000020006F0E9FE0190FFE7019838B9FFE786
:102490002199886840F61F7290438860FFE7FFE744
:1024A00008E02499486D40F02000486501208DF82F
:1024B0008B00FFE7FFE72499002081F85000FFE739
:1024C0009DF88B008DF89700FFE79DF8970026B0E8
:1024D00080BD00000000000080B5AAB026902591C4
:1024E00000208DF893002190269890F8380001285C
:1024F00001D1FFE700E0FFE72598C0680021C4F2A2
:10250000FF71884201D0FFE71EE02698006842F282
:102510000001C4F20201884201D1FFE7FFE72698DB
:10252000006842F20011C4F20201884201D1FFE7C3
:10253000FFE72698006846F20001C5F602018842CE
:1025400001D1FFE7FFE7FFE7FFE7269890F850008B
:10255000012804D1FFE702208DF89F00F1E32699BE
:10256000012081F85000FFE7FFE72698006806F099
:1025700083FE002840F0D183FFE72598C07800064D
:1025800000282DD4FFE725980068000330B9FFE745
:1025900025980068C0F384601E9015E025980068B7
:1025A00090FAA0F02890289820B9FFE720208DF815
:1025B000A70005E02898B0FA80F08DF8A700FFE7A3
:1025C0009DF8A7001E90FFE71E9800F01F01012054
:1025D00000FA01F226980168C8691043C861FFE754
:1025E0002698006825990A68496806F061FE2698D1
:1025F000006806F041FE20902698006806F0E0FD95
:102600001F902098002840F0B580FFE71F98002811
:1026100040F0B080FFE726980068259A116892681C
:1026200006F0C6FE41F20000C5F60040006800F06A
:102630007040B0F1805F0BD1FFE725984069269983
:102640000968C96801F01C01490888401D901FE015
:1026500026980068C068C00600280BD4FFE72598BC
:10266000406926990968C96801F01C014908884039
:102670001C900AE02598406926990968C96801F00C
:102680001001490888401C90FFE71C981D90FFE747
:102690001D98239025980069042821D0FFE72698EB
:1026A000006825990A680969239B06F035FF26987A
:1026B0000068259A1169527E013AB2FA82F25209F3
:1026C000D20706F061FF26980068259A1169127EEC
:1026D000013AB2FA82F25209D20206F009FF48E04A
:1026E00026980068006E00F0F84025990968B0EB64
:1026F000816F07D1FFE726980168086E20F000403F
:102700000866FFE726980068406E00F0F8402599BB
:102710000968B0EB816F07D1FFE726980168486E22
:1027200020F000404866FFE726980068806E00F0C1
:10273000F84025990968B0EB816F07D1FFE726982B
:102740000168886E20F000408866FFE726980068E0
:10275000C06E00F0F84025990968B0EB816F07D191
:10276000FFE726980168C86E20F00040C866FFE7C2
:10277000FFE7FFE72698006806F066FD002840F0B6
:10278000CB82FFE726980068259A1168D26806F088
:1027900047FE2598C0680021C4F2FF71884240F0CE
:1027A0005781FFE7269800681B9042F20001C4F2AF
:1027B0000201884240F0A480FFE7259800680221CA
:1027C000C0F23041884203D1FFE701201A9094E023
:1027D000259800680421C0F66001884205D1FFE712
:1027E0004020C1F62010199084E025980068082147
:1027F000C0F69041884205D1FFE78020C1F65050D5
:10280000189074E0259800681021C1F2C001884238
:1028100006D1FFE740F20010C2F28010179063E08B
:10282000259800682021C1F2F041884206D1FFE7D7
:1028300040F20020C2F2B050169052E02598006895
:1028400040F20041C2F60021884206D1FFE740F67F
:102850000000C2F63060159040E02598006840F610
:102860000001C2F63061884206D1FFE741F2000064
:10287000C3F2602014902EE02598006841F2000118
:10288000C3F26021884206D1FFE742F20000C3F2A2
:10289000906013901CE0259800680021C4F221315B
:1028A000884205D1FFE70020C4F2527012900CE07C
:1028B000259801680022C4F684320020914204BFAA
:1028C0000020C4F6B8701290FFE712981390FFE74B
:1028D00013981490FFE714981590FFE71598169039
:1028E000FFE716981790FFE717981890FFE71898DA
:1028F0001990FFE719981A90FFE71A981190A2E033
:102900002698006842F20011C4F20201884240F0A9
:102910009480FFE7259800680221C0F23041884288
:1029200003D1FFE70120109084E02598006804217E
:10293000C0F66001884205D1FFE74020C1F62010B3
:102940000F9074E0259800680821C0F690418842F5
:1029500005D1FFE78020C1F650500E9064E0259825
:1029600000681021C1F2C001884206D1FFE740F2A1
:102970000010C2F280100D9053E0259800682021CD
:10298000C1F2F041884206D1FFE740F20020C2F2D6
:10299000B0500C9042E02598006840F20041C2F629
:1029A0000021884206D1FFE740F60000C2F6306001
:1029B0000B9030E02598006840F60001C2F63061C7
:1029C000884206D1FFE741F20000C3F260200A907E
:1029D0001EE02598006841F20001C3F260218842A0
:1029E00006D1FFE742F20000C3F2906009900CE0CC
:1029F000259801680022C4F684320020914204BF69
:102A00000020C4F6B8700990FFE709980A90FFE724
:102A10000A980B90FFE70B980C90FFE70C980D902D
:102A2000FFE70D980E90FFE70E980F90FFE70F98C5
:102A30001090FFE71098089002E000200890FFE750
:102A400008981190FFE71B98119906F051FCFFE7D9
:102A50002598C0780006002840F15D81FFE72698A0
:102A60000168012042F20002C4F202029142079082
:102A70000CD0FFE7269800684DF60071CBF6FD718B
:102A80000844B0FA80F040090790FFE70798C107B3
:102A900046F20030C5F6020000291CBF42F20030A9
:102AA000C4F2020006F04CFB2290269801684FF019
:102AB000010042F20002C4F20202914206900CD0E0
:102AC000FFE7269800684DF60071CBF6FD710844CB
:102AD000B0FA80F040090690FFE70698C10746F279
:102AE0000030C5F6020000291CBF42F20030C4F2DB
:102AF000020042F20031C4F20201884212D1FFE723
:102B000042F20000C4F2020006F09EFB049042F282
:102B10000010C4F2020006F097FB01460498084337
:102B2000059007E046F20000C5F6020006F08CFBB7
:102B30000590FFE70598002840F0E380FFE725981F
:102B400000680021CCF68431884255D1FFE79DF81A
:102B50008A00000600284FD4FFE72698006846F256
:102B60000001C5F60201884245D1FFE726980168B9
:102B7000012042F20002C4F20202914203900CD002
:102B8000FFE7269800684DF60071CBF6FD7108440A
:102B9000B0FA80F040090390FFE70398C10746F2BE
:102BA0000030C5F6020000291CBF42F20030C4F21A
:102BB0000200229941F4000106F07AFC40F2600024
:102BC000C2F2004000684FEA901042F66351C0F232
:102BD0003E51A0FB01104FEA90114FF0020000EBB4
:102BE00041002190FFE7219820B1FFE721980138AB
:102BF0002190F8E7FFE783E0259800680021CCF2F8
:102C00005271884238D1FFE79DF88B00C00798BB0E
:102C1000FFE72698006846F20001C5F602018842E7
:102C200029D1FFE726980168012042F20002C4F290
:102C30000202914202900CD0FFE7269800684DF600
:102C40000071CBF6FD710844B0FA80F040090290A3
:102C5000FFE70298C10746F20030C5F602000029DE
:102C60001CBF42F20030C4F20200229941F0807190
:102C700006F01EFCFFE742E0259800680021CCF634
:102C8000B871884239D1FFE79DF88A0040060028D4
:102C900033D4FFE72698006846F20001C5F602012A
:102CA000884229D1FFE726980168012042F20002FC
:102CB000C4F20202914201900CD0FFE7269800680E
:102CC0004DF60071CBF6FD710844B0FA80F0400972
:102CD0000190FFE70198C10746F20030C5F60200F7
:102CE00000291CBF42F20030C4F20200229941F4D4
:102CF000800106F0DDFBFFE700E0FFE7FFE7FFE70D
:102D000008E02699486D40F02000486501208DF8C4
:102D10009300FFE7FFE7FFE708E02699486D40F0E2
:102D20002000486501208DF89300FFE7FFE7269912
:102D3000002081F85000FFE79DF893008DF89F0078
:102D4000FFE79DF89F002AB080BD00000000000052
:102D500081B0009001B0704781B0009001B0704721
:102D600080B590B00F9000200E900F98006800681A
:102D70000D900F98006840680C900F980168012032
:102D800042F20002C4F20202914206900CD0FFE728
:102D90000F9800684DF60071CBF6FD710844B0FA4B
:102DA00080F040090690FFE70698C10746F2003020
:102DB000C5F6020000291CBF42F20030C4F2020036
:102DC00006F0D6F907909DF834004FEA807000288D
:102DD0001AD5FFE79DF830008007002814D5FFE7DB
:102DE0000F98406DC006002806D4FFE70F99486D84
:102DF00040F400604865FFE70F98FEF715FA0F985A
:102E0000016802200860FFE79DF8340040070028B1
:102E100006D5FFE70C9800F0040004280ED0FFE769
:102E20009DF834000007002840F19F80FFE79DF8DF
:102E300030000007002840F19880FFE70F98406DB0
:102E4000C006002806D4FFE70F99486D40F40070D3
:102E50004865FFE70F98006806F01EFA00287CD04E
:102E6000FFE70F98006842F20011C4F202018842A5
:102E700006D1FFE742F20000C4F20200059003E031
:102E80000F9800680590FFE705980F990968884238
:102E90000BD0FFE7079840B1FFE70798052804D05B
:102EA000FFE70798092805D1FFE70F980068C06879
:102EB000099018E00F98006842F20011C4F2020174
:102EC000884206D1FFE742F20000C4F202000490FB
:102ED00003E00F9800680490FFE7049808900898B2
:102EE000C0680990FFE7099800F40050B0F5005F52
:102EF00032D0FFE70F9800680068000700282AD545
:102F0000FFE70F98006806F0B7F9C0B9FFE70F9820
:102F10000168486820F00C0048600F99486D20F463
:102F2000807048650F98406DC004002806D4FFE704
:102F30000F99486D40F001004865FFE70AE00F99DE
:102F4000486D40F0100048650F99886D40F0010011
:102F50008865FFE7FFE7FFE7FFE70F98FFF7F8FE59
:102F60000F9801680C200860FFE79DF83400800688
:102F7000002806D5FFE70C9800F0200020280ED08E
:102F8000FFE79DF834004006002840F1B680FFE7D7
:102F90009DF830004006002840F1AF80FFE70F9811
:102FA000406DC006002806D4FFE70F99486D40F435
:102FB00000504865FFE70F98006806F011F90B9084
:102FC0000F98006806F068F90A900F98006842F2BE
:102FD0000011C4F20201884206D1FFE742F200006C
:102FE000C4F20200039003E00F9800680390FFE72B
:102FF00003980F99096888420BD0FFE7079840B102
:10300000FFE70798062804D0FFE70798072805D1AF
:10301000FFE70F980068C068099018E00F980068F3
:1030200042F20011C4F20201884206D1FFE742F2E7
:103030000000C4F20200029003E00F9800680290C2
:10304000FFE7029808900898C0680990FFE70B987E
:1030500000284AD0FFE79DF82700800700280AD5FE
:10306000FFE70A9800283FD0FFE79DF8250080067B
:10307000002839D4FFE70F98006800684006002850
:1030800031D5FFE79DF82600800600282AD4FFE707
:103090000F98006806F094F8C0B9FFE70F98016830
:1030A000486820F0600048600F99486D20F4805017
:1030B00048650F98406DC005002806D4FFE70F99BA
:1030C000486D40F001004865FFE70AE00F99486D40
:1030D00040F0100048650F99886D40F00100886548
:1030E000FFE7FFE7FFE7FFE7FFE70F98FEF7E8FEE0
:1030F0000F98016860200860FFE79DF83400000623
:10310000002813D5FFE79DF83000000600280DD5F4
:10311000FFE70F99486D40F4803048650F9800F044
:103120009FFA0F98016880200860FFE79DF835003E
:10313000C00798B1FFE79DF83100C00770B1FFE705
:103140000F99486D40F4003048650F98FFF770F80C
:103150000F9801684FF480700860FFE79DF8350014
:103160008007002814D5FFE79DF83100800700286C
:103170000ED5FFE70F99486D40F4802048650F9801
:10318000FFF75AF80F9801684FF400700860FFE7E6
:103190009DF83400C00600285DD5FFE79DF830009B
:1031A000C006002857D5FFE70F98006B18B9FFE756
:1031B00001200E9038E0079858B3FFE70F98016898
:1031C000012042F20002C4F20202914201900CD0AE
:1031D000FFE70F9800684DF60071CBF6FD710844CB
:1031E000B0FA80F040090190FFE70198C10746F26C
:1031F0000030C5F6020000291CBF42F20030C4F2C4
:10320000020005F0ADFF18B1FFE701200E90FFE7C7
:1032100009E00F980068C068800718B1FFE7012037
:103220000E90FFE7FFE7FFE70E9801280ED1FFE7BA
:103230000F99486D40F4806048650F99886D40F0A3
:10324000020088650F98FFF787FDFFE70F98016878
:1032500010200860FFE79DF835004007002819D5C9
:10326000FFE79DF831004007002813D5FFE70F99CD
:10327000486D40F4804048650F99886D40F0080023
:1032800088650F9801684FF4806008600F98FEF71A
:10329000A7FEFFE710B080BD10B58CB00A900020EB
:1032A0008DF8270006900A9820B9FFE701208DF8D5
:1032B0002F00D1E10A98C06838B1FFE70A98007F73
:1032C000012801D1FFE7FFE7FFE70A98406D50B9F9
:1032D000FFE70A9800F0C8F90A99002088650A9962
:1032E00081F85000FFE70A98006805F0A5FF28B1B3
:1032F000FFE70A98006805F0F7FEFFE70A98006804
:1033000005F0B2FFE8B9FFE70A98006805F008FF8A
:1033100040F26000C2F200400068800942F663514A
:10332000C0F23E51A0FB0101012000EB911006907C
:10333000FFE7069820B1FFE7069801380690F8E706
:10334000FFE70A98006805F08FFF70B9FFE70A9958
:10335000486D40F0100048650A99886D40F0010002
:10336000886501208DF82700FFE70A98006805F0BE
:1033700083FF07900A98406DC006002800F15E8127
:10338000FFE70798002840F05981FFE70A98406D51
:1033900040F0020020F480700A9948650A9800689D
:1033A00005F052FF002870D1FFE70A98016801205C
:1033B00042F20002C4F20202914203900CD0FFE7F5
:1033C0000A9800684DF60071CBF6FD710844B0FA1A
:1033D00080F040090390FFE70398C10746F20030F0
:1033E000C5F6020000291CBF42F20030C4F2020000
:1033F00042F20031C4F20201884212D1FFE742F2E8
:103400000000C4F2020005F01FFF019042F200101C
:10341000C4F2020005F018FF01460198084302902B
:1034200007E046F20000C5F6020005F00DFF02902D
:10343000FFE7029840BBFFE70A980168012042F2CB
:103440000002C4F20202914200900CD0FFE70A98F9
:1034500000684DF60071CBF6FD710844B0FA80F0BB
:1034600040090090FFE70098C10746F20030C5F61A
:10347000020000291CBF42F20030C4F202000A9987
:10348000496806F005F8FFE7FFE700F0A5FB41F209
:103490000401884213D3FFE70A98806810280ED1F0
:1034A000FFE70A994A7D086B40EA42308A68104378
:1034B000097F40EA014040F00C0008900BE00A99B7
:1034C0004A7D086B40EA42308A681043097F40EA2F
:1034D00001400890FFE70A98007F01280BD1FFE721
:1034E0000A98016A0020CFF6FE7000EB414108986F
:1034F00008430890FFE70A98406A50B1FFE70A992D
:10350000486A896A00F47870014308980843089073
:10351000FFE70A980068C0684CF20301CFF6F0712B
:103520000840089908430A990968C8600A98006821
:1035300005F0A2FE05900A98006805F041FE04908F
:103540000598002859D1FFE70498002855D1FFE7D6
:103550000A98017DC06A40EA813008900A980068A4
:10356000C06844F203018843089908430A9909682E
:10357000C8600A9890F83800012829D1FFE70A9816
:10358000406A20B1FFE70A98806A08B9FFE7FFE7C1
:103590000A98006800694FF61E01CFF6004100EA64
:1035A00001020A9B1968DC6BD3F840E0D3F844C0F1
:1035B0000020CFF6FF7000EB044040EA0E0040EA26
:1035C0000C009B6C1843104340F00100086106E0BA
:1035D0000A980168086920F001000861FFE70A986D
:1035E0000068006920F070400A9A1168526B10431D
:1035F00008610A98FCF7C8FFFFE70A98C06801282D
:103600000CD1FFE70A980068006B20F00F000A9ABF
:1036100011689269013A1043086306E00A9801684C
:10362000086B20F00F000863FFE70A98406D40F038
:10363000010020F002000A99486508E00A99486DE7
:1036400040F01000486501208DF82700FFE79DF845
:1036500027008DF82F00FFE79DF82F000CB010BD5C
:1036600081B0009001B0704780B5BEB03D900020A1
:103670003C903B903A903990389008A8C021FCF7D4
:103680000DFF3D98006842F20001C4F20201884239
:1036900040F08B80FFE7002009904FF40021089153
:1036A00002210A910C220B920C910D910E91C021D6
:1036B0000F91202110911190319008A801F054FE33
:1036C00018B1FFE7FDF720F9FFE7FFE744F2D84024
:1036D000C5F60200016841F020010160006800F0B9
:1036E000200007900798FFE7FFE744F2E040C5F6A7
:1036F0000200016841F001010160006800F0010072
:1037000006900698FFE7FFE744F2E040C5F60200A6
:10371000016841F004010160006800F004000590B8
:103720000598FFE7FFE744F2E040C5F602000168B4
:1037300041F020010160006800F02000049004982E
:10374000FFE78020389003200090399000200290FD
:103750003A900020C5F6020038A9019100F028F83F
:10376000009A019902982023389339923A9040F6B2
:103770000000C5F6020000F01BF8009A01990298BB
:103780004FF48053389339923A9041F20040C5F695
:10379000020000F00DF8029A12200390114600F08A
:1037A0004FFB039800F040FBFFE73EB080BD0000F8
:1037B00090B00F900E9100200D908020C5F6000073
:1037C0000A90FFE70E9800680D99C840002800F0A5
:1037D000CF81FFE70E9800680D9A012191400840C3
:1037E0000C900C98002800F0BF81FFE70E9840680D
:1037F00000F00300012807D0FFE70E98406800F0B2
:10380000030002282FD1FFE70F9880680B900D98D6
:103810004100032000FA01F10B9888430B900E98A9
:10382000C0680D99490000FA01F10B9808430B900C
:103830000B980F9988600F9840680B900D990120A4
:1038400000FA01F10B9888430B900E984068C0F382
:1038500000100D9900FA01F10B9808430B900B989A
:103860000F994860FFE70E98406800F003000328B6
:1038700018D0FFE70F98C0680B900D984100032007
:1038800000FA01F10B9888430B900E9880680D990F
:10389000490000FA01F10B9808430B900B980F991F
:1038A000C860FFE70E98406800F00300022826D1A8
:1038B000FFE70F980D996FF0030202EA51010844E7
:1038C000006A0B900D9800F0070081000F2000FAAD
:1038D00001F10B9888430B900E9800690D9901F047
:1038E0000701890000FA01F10B9808430B900B982F
:1038F0000F990D9B02EA530211440862FFE70F98EB
:1039000000680B900D984100032000FA01F10B981C
:1039100088430B900E98406800F003000D99490011
:1039200000FA01F10B9808430B900B980F9908606F
:103930000E9880798007002800F01581FFE7FFE7E7
:1039400044F2F440C5F60200016841F00201016052
:10395000006800F0020009900998FFE70D9820F038
:10396000030040F20841C5F6000140580B900D9845
:1039700000F0030081000F2000FA01F10B9888434A
:103980000B900F980021C5F60201884203D1FFE792
:10399000002008907AE00F9840F20041C5F602013D
:1039A000884203D1FFE7012007906CE00F9840F6B2
:1039B0000001C5F60201884203D1FFE7022006900C
:1039C0005EE00F9840F60041C5F60201884203D13F
:1039D000FFE70320059050E00F9841F20001C5F683
:1039E0000201884203D1FFE70420049042E00F98CF
:1039F00041F20041C5F60201884203D1FFE70520EC
:103A0000039034E00F9841F60001C5F602018842A8
:103A100003D1FFE70620029026E00F9841F600410F
:103A2000C5F60201884203D1FFE70720019018E0A4
:103A30000F9842F20001C5F60201884203D1FFE768
:103A4000082000900AE00F9942F20042C5F60202F7
:103A50000A20914208BF09200090FFE700980190DA
:103A6000FFE701980290FFE702980390FFE70398B1
:103A70000490FFE704980590FFE705980690FFE79C
:103A800006980790FFE707980890FFE708980D99B8
:103A900001F00301890000FA01F10B9808430B9033
:103AA0000B980D9921F0030140F20842C5F600027F
:103AB00088504FF0B04000680B900C990B988843E9
:103AC0000B900E988079C006002805D5FFE70C9969
:103AD0000B9808430B90FFE70B984FF0B04108603C
:103AE0000420C5F6000000680B900C990B988843E1
:103AF0000B900E9880798006002805D5FFE70C9979
:103B00000B9808430B90FFE70B980421C5F60001C2
:103B100008600A9840680B900C990B9888430B90AA
:103B20000E9880798007002805D5FFE70C990B983F
:103B300008430B90FFE70B980A9948600A980068C1
:103B40000B900C990B9888430B900E988079C007C6
:103B500028B1FFE70C990B9808430B90FFE70B98EF
:103B60000A990860FFE7FFE70D9801300D9029E6FC
:103B700010B070470000000082B00190ADF8021054
:103B800001980069BDF80210084204D0FFE7012047
:103B90008DF8010003E000208DF80100FFE79DF89B
:103BA000010002B07047000082B00190ADF8021031
:103BB0008DF801209DF8010028B1FFE7BDF8020053
:103BC0000199886105E0BDF802000004019988614F
:103BD000FFE702B07047000041F20000C5F6004068
:103BE0000068000C7047000040F24430C2F2004010
:103BF000006870470000000040F26800C2F2004018
:103C0000027840F24431C2F2004108681044086072
:103C1000704700000000000080B582B0032000F073
:103C200027F902F091FE44F21842C5F6020211682B
:103C3000C1F303234DF2A811C0F60001CB5C03F0E1
:103C40001F03D84000900098126802F00F02895CB0
:103C500001F01F01C84040F26401C2F20041086057
:103C6000009840F26001C2F200410860002000F0BC
:103C700013F820B1FFE701208DF8070005E000F000
:103C8000BBF800208DF80700FFE79DF8070002B0A1
:103C900080BD00000000000080B582B0009040F2BE
:103CA0006800C2F20040007820B9FFE701208DF8DB
:103CB000070030E040F26000C2F20040006840F2CD
:103CC0006801C2F200410A784FF47A71B1FBF2F157
:103CD000B0FBF1F003F064FD20B1FFE701208DF8A7
:103CE000070018E000980F280DD8FFE700994FF063
:103CF000FF30002200F0A4F8009840F26C01C2F2FC
:103D00000041086003E001208DF8070003E0002077
:103D10008DF80700FFE79DF8070002B080BD0000A6
:103D200010B581B00090009840784EF69851CEF2D0
:103D3000000108604EF6A051CEF20001086820F0A4
:103D400001000860009840684EF69C52CEF20002D6
:103D50001060DDF800E09EF80C0000079EF80B20D4
:103D600040EA02609EF800209EF808309EF809C0E4
:103D70009EF80A4040EAC4409EF80D4040EA844064
:103D80009EF80E4040EA44409EF80FE040EA0E40A4
:103D900040EA0C2040EA43001043086001B010BD27
:103DA000BFF35F8F4EF62451CEF20001086820F475
:103DB000803008604EF69451CEF200010020086079
:103DC000704700000000000081B00090009840F0B3
:103DD00001004EF69451CEF2000108604EF62451D7
:103DE000CEF20001086840F480300860BFF34F8FC6
:103DF000BFF36F8F01B0704780B582B0FFE744F228
:103E0000F440C5F60200016841F00201016000685B
:103E100000F0020001900198FFE7052000F028F86B
:103E200002B080BD0000000080B582B0ADF8060091
:103E3000BDF9060008F004F902B080BD00000000E2
:103E400080B586B0ADF816000491039208F010F921
:103E50000290BDF91600019002980499039A05F0AA
:103E6000C3FE0146019808F00BF906B080BD0000C2
:103E700080B582B00190019808F026F902B080BDAB
:103E800080B584B0029044F60C00C5F602000068CC
:103E900000F004010020B0EB910F13D1FFE744F6CE
:103EA0000C00C5F60200006800F007000299884285
:103EB00004D0FFE701208DF80F002EE000208DF8E0
:103EC0000F002AE044F60C01C5F60201086820F054
:103ED0000700029A10430860FFF786FE0190FFE793
:103EE00044F60400C5F60200006800F4005100200A
:103EF000B0EB513F0DD1FFE7FFF776FE0199401A75
:103F0000B0F57A7F04D9FFE701208DF80F0004E0B7
:103F1000E6E700208DF80F00FFE79DF80F0004B0E2
:103F200080BD00000000000080B502F0B9FC44F242
:103F30002041C5F602010968C1F302124DF2A81131
:103F4000C0F60001895C01F01F01C84080BD00007F
:103F500088B0079044F22840C5F60200016801F0DD
:103F6000030106910068C0F30510059044F22C404F
:103F7000C5F60200006800F001000490049844F2C5
:103F80003441C5F60201096889B2C908484300EE08
:103F9000100AB8EE400A8DED020A0598002800F0DC
:103FA0001181FFE70698009048B1FFE700980128CB
:103FB00065D0FFE70098022800F08380A3E044F278
:103FC0000040C5F60200006800F020010020B0EBC0
:103FD000511F31D0FFE744F20040C5F602000068EF
:103FE000C0F3C10149F20000C0F2D030C8400390D4
:103FF0009DED030AB8EE400A9DED051AB8EE411A90
:1040000080EE010A44F23040C5F6020000686FF30A
:104010005F2001EE100AB8EE411A9DED022A9FEDD5
:104020006F3A02EE031AB7EE002A31EE021A20EEC2
:10403000010A8DED010A21E09DED050AB8EE401A56
:104040009FED680A80EE010A44F23040C5F6020096
:1040500000686FF35F2001EE100AB8EE411A9DED83
:10406000022A9FED5E3A02EE031AB7EE002A31EE05
:10407000021A20EE010A8DED010AFFE765E09DEDD1
:10408000050AB8EE401A9FED560A80EE010A44F286
:104090003040C5F6020000686FF35F2001EE100AA1
:1040A000B8EE411A9DED022A9FED4C3A02EE031A3A
:1040B000B7EE002A31EE021A20EE010A8DED010A58
:1040C00043E09DED050AB8EE401A9FED430A80EEED
:1040D000010A44F23040C5F6020000686FF35F2029
:1040E00001EE100AB8EE411A9DED022A9FED3B3A0F
:1040F00002EE031AB7EE002A31EE021A20EE010A90
:104100008DED010A21E09DED050AB8EE401A9FED04
:10411000350A80EE010A44F23040C5F6020000681C
:104120006FF35F2001EE100AB8EE411A9DED022AEE
:104130009FED2A3A02EE031AB7EE002A31EE021A78
:1041400020EE010A8DED010AFFE79DED010A44F220
:104150003040C5F60200016889B2490A01EE101A22
:10416000B8EE411AB7EE002A31EE021A80EE010ACB
:104170000799BCEEC00A81ED000A9DED010A0168B5
:10418000C1F3064101EE101AB8EE411A31EE021ADF
:1041900080EE010A0799BCEEC00A81ED010A9DED8F
:1041A000010A0068C0F3066001EE100AB8EE411A79
:1041B00031EE021A80EE010A0798BCEEC00A80EDCB
:1041C000020A07E0079900200860079948600799EC
:1041D0008860FFE708B0704720BCBE4B0000003984
:1041E0000024744A0024744C88B0079044F228409C
:1041F000C5F60200016801F0030106910068C0F3F2
:104200000530059044F22C40C5F602000068C0F36A
:1042100000100490049844F23C41C5F6020109687C
:1042200089B2C908484300EE100AB8EE400A8DED85
:10423000020A0598002800F01181FFE70698009017
:1042400048B1FFE70098012865D0FFE700980228F1
:1042500000F08380A3E044F20040C5F6020000684D
:1042600000F020010020B0EB511F31D0FFE744F2F5
:104270000040C5F602000068C0F3C10149F2000029
:10428000C0F2D030C84003909DED030AB8EE400A5A
:104290009DED051AB8EE411A80EE010A44F238404D
:1042A000C5F6020000686FF35F2001EE100AB8EE59
:1042B000411A9DED022A9FED6F3A02EE031AB7EE06
:1042C000002A31EE021A20EE010A8DED010A21E0EA
:1042D0009DED050AB8EE401A9FED680A80EE010ACE
:1042E00044F23840C5F6020000686FF35F2001EE2B
:1042F000100AB8EE411A9DED022A9FED5E3A02EED9
:10430000031AB7EE002A31EE021A20EE010A8DEDF3
:10431000010AFFE765E09DED050AB8EE401A9FED42
:10432000560A80EE010A44F23840C5F602000068E1
:104330006FF35F2001EE100AB8EE411A9DED022ADC
:104340009FED4C3A02EE031AB7EE002A31EE021A44
:1043500020EE010A8DED010A43E09DED050AB8EE5D
:10436000401A9FED430A80EE010A44F23840C5F638
:10437000020000686FF35F2001EE100AB8EE411AE8
:104380009DED022A9FED3B3A02EE031AB7EE002A9A
:1043900031EE021A20EE010A8DED010A21E09DEDB9
:1043A000050AB8EE401A9FED340A80EE010A44F285
:1043B0003840C5F6020000686FF35F2001EE100A76
:1043C000B8EE411A9DED022A9FED2A3A02EE031A39
:1043D000B7EE002A31EE021A20EE010A8DED010A35
:1043E000FFE79DED010A44F23840C5F6020001687E
:1043F00089B2490A01EE101AB8EE411AB7EE002A46
:1044000031EE021A80EE010A0799BCEEC00A81ED76
:10441000000A9DED010A0168C1F3064101EE101A80
:10442000B8EE411A31EE021A80EE010A0799BCEE8D
:10443000C00A81ED010A9DED010A0068C0F3066023
:1044400001EE100AB8EE411A31EE021A80EE010AAE
:104450000798BCEEC00A80ED020A07E00799002029
:1044600008600799486007998860FFE708B07047BF
:1044700020BCBE4B000000390024744A0024744C58
:1044800088B0079044F22840C5F60200016801F0A8
:10449000030106910068C0F30550059044F22C40DA
:1044A000C5F602000068C0F300200490049844F2AE
:1044B0004441C5F60201096889B2C908484300EEC3
:1044C000100AB8EE400A8DED020A0598002800F0A7
:1044D0001181FFE70698009048B1FFE70098012896
:1044E00065D0FFE70098022800F08380A3E044F243
:1044F0000040C5F60200006800F020010020B0EB8B
:10450000511F31D0FFE744F20040C5F602000068B9
:10451000C0F3C10149F20000C0F2D030C84003909E
:104520009DED030AB8EE400A9DED051AB8EE411A5A
:1045300080EE010A44F24040C5F6020000686FF3C5
:104540005F2001EE100AB8EE411A9DED022A9FEDA0
:104550006F3A02EE031AB7EE002A31EE021A20EE8D
:10456000010A8DED010A21E09DED050AB8EE401A21
:104570009FED680A80EE010A44F24040C5F6020051
:1045800000686FF35F2001EE100AB8EE411A9DED4E
:10459000022A9FED5E3A02EE031AB7EE002A31EED0
:1045A000021A20EE010A8DED010AFFE765E09DED9C
:1045B000050AB8EE401A9FED560A80EE010A44F251
:1045C0004040C5F6020000686FF35F2001EE100A5C
:1045D000B8EE411A9DED022A9FED4C3A02EE031A05
:1045E000B7EE002A31EE021A20EE010A8DED010A23
:1045F00043E09DED050AB8EE401A9FED430A80EEB8
:10460000010A44F24040C5F6020000686FF35F20E3
:1046100001EE100AB8EE411A9DED022A9FED3B3AD9
:1046200002EE031AB7EE002A31EE021A20EE010A5A
:104630008DED010A21E09DED050AB8EE401A9FEDCF
:10464000340A80EE010A44F24040C5F602000068D8
:104650006FF35F2001EE100AB8EE411A9DED022AB9
:104660009FED2A3A02EE031AB7EE002A31EE021A43
:1046700020EE010A8DED010AFFE79DED010A44F2EB
:104680004040C5F60200016889B2490A01EE101ADD
:10469000B8EE411AB7EE002A31EE021A80EE010A96
:1046A0000799BCEEC00A81ED000A9DED010A016880
:1046B000C1F3064101EE101AB8EE411A31EE021AAA
:1046C00080EE010A0799BCEEC00A81ED010A9DED5A
:1046D000010A0068C0F3066001EE100AB8EE411A44
:1046E00031EE021A80EE010A0798BCEEC00A80ED96
:1046F000020A07E0079900200860079948600799B7
:104700008860FFE708B0704720BCBE4B000000394E
:104710000024744A0024744C80B59AB01991189002
:104720001898199980F480700843002840F0A880F8
:10473000FFE744F25040C5F60200006800F00700B1
:104740000D900D980A90042800F295800A99DFE8F0
:1047500001F00316298C3C0044F20040C5F602002B
:1047600000688001002806D5FFE715A8FFF7F0FBD9
:1047700016980E9002E000200E90FFE77EE044F2D3
:104780000040C5F6020000680001002806D5FFE7DA
:1047900012A8FFF729FD12980E9002E000200E905B
:1047A000FFE76BE044F20040C5F6020000688000BD
:1047B000002806D5FFE70FA8FFF762FE0F980E90BE
:1047C00002E000200E90FFE758E044F24C40C5F6AE
:1047D0000200006800F040500C9044F20040C5F622
:1047E000020000684007002811D5FFE70C9870B957
:1047F000FFE744F20040C5F602000068C0F3C101C3
:1048000049F20000C0F2D030C8400E902CE044F2D3
:104810000040C5F602000068C00500280BD5FFE780
:104820000C98B0F1805F06D1FFE740F60010C0F2AF
:104830003D000E9017E044F20040C5F6020000680B
:10484000800300280BD5FFE70C98B0F1005F06D17C
:10485000FFE747F64000C0F27D100E9002E0002016
:104860000E90FFE7FFE7FFE708E048F20000C0F224
:10487000BB000E9002E000200E90FFE700F06EBD3E
:104880001898199980F400700843002840F0B3800C
:10489000FFE744F25040C5F60200006800F4E07003
:1048A0000D900D98099090B1FFE70998402821D00C
:1048B000FFE70998802830D0FFE70998C02800F06A
:1048C0008F80FFE70998B0F5807F39D08EE044F201
:1048D0000040C5F6020000688001002806D5FFE709
:1048E00015A8FFF735FB16980E9002E000200E90F9
:1048F000FFE77EE044F20040C5F6020000680001D8
:10490000002806D5FFE712A8FFF76EFC12980E905C
:1049100002E000200E90FFE76BE044F20040C5F695
:10492000020000688000002806D5FFE70FA8FFF707
:10493000A7FD0F980E9002E000200E90FFE758E0D0
:1049400044F24C40C5F60200006800F040500C9064
:1049500044F20040C5F6020000684007002811D567
:10496000FFE70C9870B9FFE744F20040C5F602007B
:104970000068C0F3C10149F20000C0F2D030C84065
:104980000E902CE044F20040C5F602000068C0051D
:1049900000280BD5FFE70C98B0F1805F06D1FFE748
:1049A00040F60010C0F23D000E9017E044F20040C7
:1049B000C5F602000068800300280BD5FFE70C98BD
:1049C000B0F1005F06D1FFE747F64000C0F27D106E
:1049D0000E9002E000200E90FFE7FFE7FFE708E0FF
:1049E00048F20000C0F2BB000E9002E000200E90E2
:1049F000FFE700F0B2BC1898199980F48060084372
:104A0000002840F0B580FFE744F25840C5F60200A8
:104A1000006800F460000D900D980890A8B1FFE7C1
:104A20000898B0F5001F23D0FFE70898B0F5800F75
:104A300031D0FFE70898B0F5C00F00F08F80FFE796
:104A40000898B0F5000F39D08EE044F20040C5F66A
:104A5000020000688001002806D5FFE715A8FFF7CF
:104A600077FA16980E9002E000200E90FFE77EE0A5
:104A700044F20040C5F6020000680001002806D597
:104A8000FFE712A8FFF7B0FB12980E9002E000209B
:104A90000E90FFE76BE044F20040C5F602000068AC
:104AA0008000002806D5FFE70FA8FFF7E9FC0F9864
:104AB0000E9002E000200E90FFE758E044F24C40D8
:104AC000C5F60200006800F040500C9044F200402F
:104AD000C5F6020000684007002811D5FFE70C98D2
:104AE00070B9FFE744F20040C5F602000068C0F369
:104AF000C10149F20000C0F2D030C8400E902CE055
:104B000044F20040C5F602000068C00500280BD53D
:104B1000FFE70C98B0F1805F06D1FFE740F6001088
:104B2000C0F23D000E9017E044F20040C5F60200CE
:104B30000068800300280BD5FFE70C98B0F1005FF8
:104B400006D1FFE747F64000C0F27D100E9002E06C
:104B500000200E90FFE7FFE7FFE708E048F20000C3
:104B6000C0F2BB000E9002E000200E90FFE7F3E3DE
:104B70001898199980F400600843002840F0B58027
:104B8000FFE744F25840C5F60200006800F0E0601C
:104B90000D900D980790A8B1FFE70798B0F1807FBE
:104BA00023D0FFE70798B0F1007F31D0FFE70798E7
:104BB000B0F1407F00F08F80FFE70798B0F1806F81
:104BC00039D08EE044F20040C5F602000068800152
:104BD000002806D5FFE715A8FFF7BAF916980E903A
:104BE00002E000200E90FFE77EE044F20040C5F6B0
:104BF000020000680001002806D5FFE712A8FFF7B1
:104C0000F3FA12980E9002E000200E90FFE76BE09E
:104C100044F20040C5F6020000688000002806D576
:104C2000FFE70FA8FFF72CFC0F980E9002E0002082
:104C30000E90FFE758E044F24C40C5F602000068D1
:104C400000F040500C9044F20040C5F602000068AD
:104C50004007002811D5FFE70C9870B9FFE744F230
:104C60000040C5F602000068C0F3C10149F200002F
:104C7000C0F2D030C8400E902CE044F20040C5F69F
:104C800002000068C00500280BD5FFE70C98B0F1C2
:104C9000805F06D1FFE740F60010C0F23D000E90A5
:104CA00017E044F20040C5F60200006880030028C7
:104CB0000BD5FFE70C98B0F1005F06D1FFE747F690
:104CC0004000C0F27D100E9002E000200E90FFE741
:104CD000FFE7FFE708E048F20000C0F2BB000E90DB
:104CE00002E000200E90FFE735E31898199980F450
:104CF00080500843002840F0B580FFE744F2504060
:104D0000C5F60200006800F4E0400B900B98069096
:104D1000A8B1FFE70698B0F5805F23D0FFE70698BB
:104D2000B0F5005F31D0FFE70698B0F5405F00F0C6
:104D30008F80FFE70698B0F5804F39D08EE044F2BF
:104D40000040C5F6020000688001002806D5FFE794
:104D500015A8FFF7FDF816980E9002E000200E90BF
:104D6000FFE77EE044F20040C5F602000068000163
:104D7000002806D5FFE712A8FFF736FA12980E9022
:104D800002E000200E90FFE76BE044F20040C5F621
:104D9000020000688000002806D5FFE70FA8FFF793
:104DA0006FFB0F980E9002E000200E90FFE758E096
:104DB00044F24C40C5F60200006800F040500C90F0
:104DC00044F20040C5F6020000684007002811D5F3
:104DD000FFE70C9870B9FFE744F20040C5F6020007
:104DE0000068C0F3C10149F20000C0F2D030C840F1
:104DF0000E902CE044F20040C5F602000068C005A9
:104E000000280BD5FFE70C98B0F1805F06D1FFE7D3
:104E100040F60010C0F23D000E9017E044F2004052
:104E2000C5F602000068800300280BD5FFE70C9848
:104E3000B0F1005F06D1FFE747F64000C0F27D10F9
:104E40000E9002E000200E90FFE7FFE7FFE708E08A
:104E500048F20000C0F2BB000E9002E000200E906D
:104E6000FFE777E21898199980F40050084300286A
:104E700040F09580FFE744F25040C5F6020000681C
:104E800000F4E0200B900B980590C8B1FFE705985F
:104E9000B0F5803F18D0FFE70598B0F5003F26D069
:104EA000FFE70598B0F5403F34D0FFE70598B0F52F
:104EB000802F4AD0FFE70598B0F5A02F58D06AE0C0
:104EC00001F01AFD0E9069E044F20040C5F60200C0
:104ED00000680001002806D5FFE712A8FFF784F953
:104EE00013980E9002E000200E90FFE756E044F287
:104EF0000040C5F6020000688000002806D5FFE7E4
:104F00000FA8FFF7BDFA10980E9002E000200E9057
:104F1000FFE743E044F20040C5F6020000684007A6
:104F200000280ED5FFE744F20040C5F602000068F5
:104F3000C0F3C10149F20000C0F2D030C8400E9069
:104F400002E000200E90FFE728E044F20040C5F6A2
:104F500002000068C005002806D5FFE740F60010F3
:104F6000C0F23D000E9002E000200E90FFE715E039
:104F700044F20040C5F6020000688003002806D510
:104F8000FFE747F64000C0F27D100E9002E00020DF
:104F90000E90FFE702E000200E90FFE7D9E118989D
:104FA000199980F400200843002840F09180FFE721
:104FB00044F25840C5F60200006800F440300B90FF
:104FC0000B98049050B1FFE70498B0F5803F18D0DB
:104FD000FFE70498B0F5003F26D075E044F20040AA
:104FE000C5F6020000680001002806D5FFE712A8F8
:104FF000FFF7FAF812980E9002E000200E90FFE7FB
:1050000065E044F20040C5F6020000688000002818
:1050100006D5FFE70FA8FFF733FA11980E9002E0CC
:1050200000200E90FFE752E044F24C40C5F602002B
:10503000006800F040500C9044F20040C5F60200B9
:1050400000684007002811D5FFE70C9870B9FFE70A
:1050500044F20040C5F602000068C0F3C10149F205
:105060000000C0F2D030C8400E902CE044F2004066
:10507000C5F602000068C00500280BD5FFE70C98B4
:10508000B0F1805F06D1FFE740F60010C0F23D00AE
:105090000E9017E044F20040C5F60200006880035D
:1050A00000280BD5FFE70C98B0F1005F06D1FFE7B1
:1050B00047F64000C0F27D100E9002E000200E90F6
:1050C000FFE7FFE7FFE702E000200E90FFE73FE188
:1050D0001898199980F480300843D8BBFFE744F250
:1050E0004C40C5F60200006800F480300B900B982D
:1050F000039028B1FFE70398B0F5803F13D025E077
:1051000044F20040C5F6020000688001002806D580
:10511000FFE715A8FEF71CFF16980E9002E000208E
:105120000E90FFE715E044F20040C5F6020000686B
:105130000001002806D5FFE712A8FFF755F81498DC
:105140000E9002E000200E90FFE702E000200E909B
:10515000FFE7FCE01898199980F480400843002884
:1051600040F09580FFE744F25840C5F60200006821
:1051700000F0E0400B900B980290C8B1FFE7029856
:10518000B0F1805F18D0FFE70298B0F1005F26D041
:10519000FFE70298B0F1405F34D0FFE70298B0F12A
:1051A000804F4AD0FFE70298B0F1A04F58D06AE094
:1051B000FEF7BAFE0E9069E044F20040C5F6020028
:1051C00000680001002806D5FFE712A8FFF70CF8D9
:1051D00013980E9002E000200E90FFE756E044F294
:1051E0000040C5F6020000688000002806D5FFE7F1
:1051F0000FA8FFF745F910980E9002E000200E90DE
:10520000FFE743E044F20040C5F6020000684007B3
:1052100000280ED5FFE744F20040C5F60200006802
:10522000C0F3C10149F20000C0F2D030C8400E9076
:1052300002E000200E90FFE728E044F20040C5F6AF
:1052400002000068C005002806D5FFE740F6001000
:10525000C0F23D000E9002E000200E90FFE715E046
:1052600044F20040C5F6020000688003002806D51D
:10527000FFE747F64000C0F27D100E9002E00020EC
:105280000E90FFE702E000200E90FFE75EE0189826
:10529000199980F400400843002853D1FFE744F2F5
:1052A0005040C5F60200006800F040500B900B988B
:1052B000019050B1FFE70198B0F1805F18D0FFE78F
:1052C0000198B0F1005F26D038E044F20040C5F606
:1052D000020000688003002806D5FFE747F640007B
:1052E000C0F27D100E9002E000200E90FFE728E053
:1052F00044F20040C5F6020000688001002806D58F
:10530000FFE715A8FEF724FE16980E9002E0002095
:105310000E90FFE715E044F20040C5F60200006879
:105320000001002806D5FFE712A8FEF75DFF1398DD
:105330000E9002E000200E90FFE702E000200E90A9
:10534000FFE702E000200E90FFE7FFE7FFE7FFE73F
:10535000FFE7FFE7FFE7FFE7FFE7FFE70E981AB079
:1053600080BD00000000000080B59AB018900020B9
:105370008DF857008DF856001898C078000700285F
:1053800048D5FFE71898806E149078B1FFE714981D
:10539000B0F5801F13D0FFE71498B0F5001F16D0AA
:1053A000FFE71498B0F5401F19D019E044F22C41E2
:1053B000C5F60201086840F40030086014E018984F
:1053C0000830022104F040FE8DF857000CE01898D8
:1053D0002830022104F020FF8DF8570004E003E09C
:1053E00001208DF85700FFE79DF8570060B9FFE7EF
:1053F00044F25041C5F60201086820F44010189AA2
:10540000926E1043086004E09DF857008DF8560036
:10541000FFE7FFE718984078C007002840D0FFE773
:105420001898806D1390042820D81399DFE801F0B4
:10543000030C141C1D0044F22C41C5F6020108683F
:1054400040F40030086015E018980830002104F09E
:10545000FBFD8DF857000DE018982830002104F06E
:10546000DBFE8DF8570005E004E003E001208DF835
:105470005700FFE79DF8570060B9FFE744F250413D
:10548000C5F60201086820F00700189A926D1043D3
:10549000086004E09DF857008DF85600FFE7FFE72D
:1054A00018984078800700284BD5FFE71898C06D02
:1054B000129088B1FFE71298402816D0FFE71298A3
:1054C00080281AD0FFE71298C0281ED0FFE7129854
:1054D000B0F5807F1AD01AE044F22C41C5F60201E3
:1054E000086840F40030086015E018980830002182
:1054F00004F0AAFD8DF857000DE01898283000211F
:1055000004F08AFE8DF8570005E004E003E0012076
:105510008DF85700FFE79DF8570060B9FFE744F2A8
:105520005041C5F60201086820F4E070189AD26D67
:105530001043086004E09DF857008DF85600FFE71F
:10554000FFE7189840784007002850D5FFE71898E3
:10555000D0F8A8001190A0B1FFE71198B0F5001F96
:1055600018D0FFE71198B0F5800F1BD0FFE7119816
:10557000B0F5C00F1ED0FFE71198B0F5000F1AD09C
:105580001AE044F22C41C5F60201086840F40030EC
:10559000086015E018980830002104F055FD8DF8DA
:1055A00057000DE018982830002104F035FE8DF8E2
:1055B000570005E004E003E001208DF85700FFE705
:1055C0009DF8570068B9FFE744F25841C5F602015B
:1055D000086820F46000189AD2F8A82010430860E8
:1055E00004E09DF857008DF85600FFE7FFE7189894
:1055F00040780007002850D5FFE71898D0F8AC0095
:105600001090A0B1FFE71098B0F1807F18D0FFE7AD
:105610001098B0F1007F1BD0FFE71098B0F1407FE9
:105620001ED0FFE71098B0F1806F1AD01AE044F254
:105630002C41C5F60201086840F40030086015E00E
:1056400018980830002104F0FFFC8DF857000DE099
:1056500018982830002104F0DFFD8DF8570005E090
:1056600004E003E001208DF85700FFE79DF85700A4
:1056700068B9FFE744F25841C5F60201086820F016
:10568000E060189AD2F8AC201043086004E09DF85E
:1056900057008DF85600FFE7FFE71898C07880079D
:1056A00000283ED5FFE71898C06C0F90F0B1FFE7D7
:1056B0000F98102808D0FFE70F9820280DD0FFE79B
:1056C0000F98302811D012E044F22C41C5F60201A7
:1056D000086840F4003008600DE018980830022196
:1056E00004F0B2FC8DF8570005E004E003E001206F
:1056F0008DF85700FFE79DF8570060B9FFE744F2C7
:105700004C41C5F60201086820F03000189AD26CAE
:105710001043086004E09DF857008DF85600FFE73D
:10572000FFE718984078C00600284ED5FFE7189884
:10573000006E0E90A0B1FFE70E98B0F5805F18D014
:10574000FFE70E98B0F5005F1BD0FFE70E98B0F5AD
:10575000405F1ED0FFE70E98B0F5804F1AD01AE0D8
:1057600044F22C41C5F60201086840F4003008609C
:1057700015E018980830002104F066FC8DF85700F9
:105780000DE018982830002104F046FD8DF85700F0
:1057900005E004E003E001208DF85700FFE79DF8E5
:1057A000570060B9FFE744F25041C5F602010868AE
:1057B00020F4E040189A126E1043086004E09DF84F
:1057C00057008DF85600FFE7FFE7189840788006ED
:1057D00000284CD5FFE71898406E0D90C8B1FFE740
:1057E0000D98B0F5803F15D0FFE70D98B0F5003F5C
:1057F00018D0FFE70D98B0F5403F1BD0FFE70D989C
:10580000B0F5802F17D0FFE70D98B0F5A02F13D07B
:1058100013E016E018980830012104F015FC8DF80B
:1058200057000EE018982830012104F0F5FC8DF89F
:10583000570006E005E004E003E001208DF8570082
:10584000FFE79DF8570060B9FFE744F25041C5F605
:105850000201086820F4E020189A526E1043086094
:1058600004E09DF857008DF85600FFE7FFE7189811
:105870004078400600284ED5FFE71898D0F8B000D1
:105880000C90C8B1FFE70C98B0F1805F15D0FFE72E
:105890000C98B0F1005F18D0FFE70C98B0F1405FB2
:1058A0001BD0FFE70C98B0F1804F17D0FFE70C98A2
:1058B000B0F1A04F13D013E016E018980830012182
:1058C00004F0C2FB8DF857000EE018982830012133
:1058D00004F0A2FC8DF8570006E005E004E003E0C8
:1058E00001208DF85700FFE79DF8570068B9FFE7E2
:1058F00044F25841C5F60201086820F0E040189AC9
:10590000D2F8B0201043086004E09DF857008DF8ED
:105910005600FFE7FFE718984078000600283BD5BF
:10592000FFE71898006F0B90D8B1FFE70B98B0F124
:10593000805F05D0FFE70B98B0F1005F09D011E060
:1059400044F22C41C5F60201086840F400300860BA
:105950000CE018980830012104F076FB8DF8570010
:1059600004E003E001208DF85700FFE79DF85700A1
:1059700060B9FFE744F25041C5F60201086820F023
:105980004050189A126F1043086004E09DF85700C9
:105990008DF85600FFE7FFE71898C078C007002889
:1059A00037D0FFE71898806C0A90032817D80A9917
:1059B000DFE801F014020B1344F22C41C5F602019A
:1059C000086840F4003008600DE0189808300221A3
:1059D00004F03AFB8DF8570005E004E003E00120F5
:1059E0008DF85700FFE79DF8570060B9FFE744F2D4
:1059F0004C41C5F60201086820F00300189A926C29
:105A00001043086004E09DF857008DF85600FFE74A
:105A1000FFE7189880784006002840F1B480FFE73F
:105A200044F60001C5F60201086840F48070086081
:105A3000FEF7DAF81690FFE744F60000C5F602001C
:105A40000068C00500280CD4FFE7FEF7CDF81699D2
:105A5000401A652804D3FFE703208DF8570000E0C3
:105A6000EAE79DF85700002840F08780FFE744F2FE
:105A70007040C5F60200006800F440701899D1F833
:105A8000B41001F44071884213D0FFE744F2704132
:105A9000C5F60201086820F440701790086840F4C9
:105AA00080300860086820F480300860179808602B
:105AB000FFE71898D0F8B400B0F5807F1FD1FFE75A
:105AC000FEF792F81690FFE744F27040C5F6020028
:105AD000006800F002010020B0EB510F0ED1FFE78B
:105AE000FEF782F81699401A41F28931884204D3B0
:105AF000FFE703208DF8570000E0E5E7FFE79DF89A
:105B00005700A0BBFFE7FFE71898D0F8B40000F4F7
:105B10004070B0F5407F13D1FFE744F21041C5F665
:105B20000201086820F47C50189AD2F8B4204FF68D
:105B3000F043C0F6FF731A4040EA1210086008E014
:105B400044F21041C5F60201086820F47C50086058
:105B5000FFE71898D0F8B4206FF31F3244F2704179
:105B6000C5F60201086810430860FFE704E09DF8ED
:105B700057008DF85600FFE704E09DF857008DF8B8
:105B80005600FFE7FFE718980068C007002800F0FC
:105B90004C80FFE71898C06F099028282BD80999E6
:105BA000DFE801F015292929292929291629292978
:105BB000292929291E292929292929292629292963
:105BC000292929292729292929292929280016E0CD
:105BD00018980830012104F037FA8DF857000EE0CC
:105BE00018982830012104F017FB8DF8570006E0C3
:105BF00005E004E003E001208DF85700FFE79DF881
:105C0000570060B9FFE744F25441C5F60201086845
:105C100020F03800189AD26F1043086004E09DF815
:105C200057008DF85600FFE7FFE7189800788007C7
:105C3000002839D5FFE71898806F0890052819D8F3
:105C40000899DFE801F003040C14151616E0189803
:105C50000830012104F0F8F98DF857000EE018988B
:105C60002830012104F0D8FA8DF8570006E005E04D
:105C700004E003E001208DF85700FFE79DF857008E
:105C800060B9FFE744F25441C5F60201086820F00C
:105C90000700189A926F1043086004E09DF85700BF
:105CA0008DF85600FFE7FFE71898007840070028B6
:105CB0003BD5FFE71898D0F894000790052819D82D
:105CC0000799DFE801F003040C14151616E0189884
:105CD0000830012104F0B8F98DF857000EE018984B
:105CE0002830012104F098FA8DF8570006E005E00D
:105CF00004E003E001208DF85700FFE79DF857000E
:105D000068B9FFE744F25841C5F60201086820F07F
:105D10000700189AD2F894201043086004E09DF818
:105D200057008DF85600FFE7FFE7189800788006C7
:105D300000284ED5FFE71898D0F890000690C8B11B
:105D4000FFE70698B0F1805F15D0FFE70698B0F145
:105D5000005F18D0FFE70698B0F1405F1BD0FFE767
:105D60000698B0F1804F17D0FFE70698B0F1A04F2A
:105D700013D013E016E018980830002104F064F9FD
:105D80008DF857000EE018982830022104F044FAEC
:105D90008DF8570006E005E004E003E001208DF8EF
:105DA0005700FFE79DF8570068B9FFE744F25441F8
:105DB000C5F60201086820F0E040189AD2F8902059
:105DC0001043086004E09DF857008DF85600FFE787
:105DD000FFE718980078400600284ED5FFE718988E
:105DE000D0F89C000590C8B1FFE70598B0F5806F2A
:105DF00015D0FFE70598B0F5006F18D0FFE70598BC
:105E0000B0F5406F1BD0FFE70598B0F5805F17D065
:105E1000FFE70598B0F5A05F13D013E016E01898DF
:105E20000830002104F010F98DF857000EE01898A2
:105E30002830022104F0F0F98DF8570006E005E063
:105E400004E003E001208DF85700FFE79DF85700BC
:105E500068B9FFE744F25841C5F60201086820F42A
:105E6000E050189AD2F89C201043086004E09DF896
:105E700057008DF85600FFE7FFE7189800780006F6
:105E800000284ED5FFE71898D0F8A0000490C8B1BC
:105E9000FFE70498B0F5005F15D0FFE70498B0F570
:105EA000804F18D0FFE70498B0F5C04F1BD0FFE734
:105EB0000498B0F5004F17D0FFE70498B0F5204FD5
:105EC00013D013E016E018980830002104F0BCF855
:105ED0008DF857000EE018982830022104F09CF944
:105EE0008DF8570006E005E004E003E001208DF89E
:105EF0005700FFE79DF8570068B9FFE744F25841A3
:105F0000C5F60201086820F46040189AD2F8A02073
:105F10001043086004E09DF857008DF85600FFE735
:105F2000FFE7189800780007002820D5FFE71898A9
:105F3000D0F88400B0F5805F0CD1FFE718982830C6
:105F4000022104F069F920B1FFE701208DF8560025
:105F5000FFE7FFE744F25441C5F60201086820F468
:105F60004050189AD2F8842010430860FFE7189830
:105F70000078C006002820D5FFE71898D0F89800D0
:105F8000B0F5807F0CD1FFE718982830022104F08B
:105F900043F920B1FFE701208DF85600FFE7FFE746
:105FA00044F25841C5F60201086820F44070189A7E
:105FB000D2F8982010430860FFE71898807800070F
:105FC00000283CD5FFE71898D0F8A400039050B102
:105FD000FFE70398B0F5803F0DD0FFE70398B0F5D9
:105FE000003F10D010E018980830002104F02CF881
:105FF0008DF857000CE018982830022104F00CF9B5
:106000008DF8570004E003E001208DF85700FFE70A
:106010009DF8570068B9FFE744F25841C5F6020100
:10602000086820F44030189AD2F8A4201043086081
:1060300004E09DF857008DF85600FFE7FFE7189839
:106040008078400700283FD5FFE71898D0F88800EF
:106050000290B0F5801F0AD0FFE70298B0F5001F4C
:106060000ED0FFE70298B0F5401F11D011E044F2C6
:106070002C41C5F60201086840F4003008600CE0CD
:1060800018982830012104F0C7F88DF8570004E073
:1060900003E001208DF85700FFE79DF8570068B92D
:1060A000FFE744F25441C5F60201086820F44010AD
:1060B000189AD2F888201043086004E09DF8570031
:1060C0008DF85600FFE7FFE718988078C007A8B35F
:1060D000FFE71898006D019028B1FFE70198B0F52F
:1060E000803F09D010E044F22C41C5F60201086857
:1060F00040F4003008600BE018980830022103F0EB
:10610000A3FF8DF8570003E001208DF85700FFE74B
:106110009DF8570060B9FFE744F24C41C5F6020113
:10612000086820F48030189A126D1043086004E06B
:106130009DF857008DF85600FFE7FFE71898C078E4
:10614000800600280CD5FFE718982830022104F0BB
:1061500063F820B1FFE701208DF85600FFE7FFE765
:1061600018988078800700283CD5FFE71898D0F869
:1061700080000090D0B1FFE70098B0F5807F0AD092
:10618000FFE70098B0F5007F0ED0FFE70098B0F56C
:10619000407F0AD00BE044F22C41C5F602010868AA
:1061A00040F40030086006E005E004E003E0012070
:1061B0008DF85700FFE79DF8570068B9FFE744F2F4
:1061C0005441C5F60201086820F44070189AD2F8CC
:1061D00080201043086004E09DF857008DF85600B9
:1061E000FFE7FFE718988078C00600280CD5FFE786
:1061F00044F25041C5F60201086820F00040189AA8
:10620000526F10430860FFE71898C078C006002856
:106210000DD5FFE744F21041C5F60201086820F4ED
:106220008040189AD2F8B82010430860FFE7189809
:106230008078800600280CD5FFE744F25041C5F66F
:106240000201086820F08070189AD26E104308602E
:10625000FFE71898C0784006002811D5FFE7FFE750
:1062600044F21041C5F60201086820F400400860BD
:106270001898D0F8BC20086810430860FFE7FFE7D3
:106280001898C078000600280CD5FFE744F24C416E
:10629000C5F60201086820F04050189A526D10436C
:1062A0000860FFE718988078000600280DD5FFE702
:1062B00044F25441C5F60201086820F44000189ADF
:1062C000D2F88C2010430860FFE718980079C007C7
:1062D00090B1FFE718980830002103F0B5FE8DF863
:1062E00057009DF8570008B9FFE704E09DF85700F4
:1062F0008DF85600FFE7FFE718980079800700281F
:1063000012D5FFE718980830012103F09DFE8DF8A3
:1063100057009DF8570008B9FFE704E09DF85700C3
:106320008DF85600FFE7FFE718980079400700282E
:1063300012D5FFE718980830022103F085FE8DF88A
:1063400057009DF8570008B9FFE704E09DF8570093
:106350008DF85600FFE7FFE718980079000700283E
:1063600012D5FFE718982830002103F055FF8DF86B
:1063700057009DF8570008B9FFE704E09DF8570063
:106380008DF85600FFE7FFE718980079C00600284F
:1063900012D5FFE718982830012103F03DFF8DF852
:1063A00057009DF8570008B9FFE704E09DF8570033
:1063B0008DF85600FFE7FFE718980079800600285F
:1063C00012D5FFE718982830022103F025FF8DF839
:1063D00057009DF8570008B9FFE704E09DF8570003
:1063E0008DF85600FFE7FFE79DF8560020B9FFE75C
:1063F00000208DF8670003E001208DF86700FFE7BB
:106400009DF867001AB080BD80B586B004900391F6
:10641000049820B9FFE701208DF817003CE20398AB
:1064200042F20001C5F20021096801F00F01884223
:1064300016D9FFE742F20000C5F20020016821F002
:106440000F01039A11430160006800F00F000399E7
:10645000884204D0FFE701208DF817001CE2FFE717
:10646000049800784007002819D5FFE704980069D0
:1064700044F21841C5F60201096801F07001884232
:106480000CD9FFE744F21841C5F60201086820F074
:106490007000049A126910430860FFE7FFE7049850
:1064A00000780007002819D5FFE70498406944F2F6
:1064B0001C41C5F60201096801F0700188420CD93F
:1064C000FFE744F21C41C5F60201086820F07000A5
:1064D000049A526910430860FFE7FFE704980078C8
:1064E000C006002819D5FFE70498806944F21C41D2
:1064F000C5F60201096801F4E06188420CD9FFE7A2
:1065000044F21C41C5F60201086820F4E060049AD8
:10651000926910430860FFE7FFE70498007880065F
:10652000002819D5FFE70498C06944F22041C5F658
:106530000201096801F0700188420CD9FFE744F2BA
:106540002041C5F60201086820F07000049AD26963
:1065500010430860FFE7FFE70498007880070028F1
:1065600019D5FFE70498C06844F21841C5F6020146
:10657000096801F00F0188420CD9FFE744F2184185
:10658000C5F60201086820F00F00049AD268104393
:106590000860FFE7FFE704980078C007002800F0D4
:1065A0008C80FFE744F21841C5F60201086820F428
:1065B0007060049A9268104308600498406802284A
:1065C00011D1FFE744F20040C5F60200006800F474
:1065D00000310020B0EB514F04D1FFE701208DF8CE
:1065E000170059E13EE004984068032811D1FFE705
:1065F00044F20040C5F60200006800F0007100207F
:10660000B0EB516F04D1FFE701208DF8170043E193
:1066100027E004984068012811D1FFE744F20040C8
:10662000C5F60200006800F480710020B0EB112F65
:1066300004D1FFE701208DF817002DE110E044F2AE
:106640000040C5F60200006800F004010020B0EB35
:10665000910F04D1FFE701208DF817001CE1FFE73F
:10666000FFE7FFE744F21041C5F60201086820F099
:106670000700049A526810430860FDF7B5FA0190CC
:10668000FFE744F21040C5F60200006800F0380051
:1066900004994968B0EBC10F0ED0FFE7FDF7A4FAEB
:1066A0000199401A41F28931884204D3FFE703205F
:1066B0008DF81700F0E0E4E7FFE704980078800722
:1066C000002819D5FFE70498C06844F21841C5F6C0
:1066D0000201096801F00F0188420CD2FFE744F281
:1066E0001841C5F60201086820F00F00049AD2682C
:1066F00010430860FFE7FFE7039842F20001C5F28C
:106700000021096801F00F01884216D2FFE742F22A
:106710000000C5F20020016821F00F01039A114327
:106720000160006800F00F000399884204D0FFE781
:1067300001208DF81700AFE0FFE7049800784007CC
:10674000002819D5FFE70498006944F21841C5F6FE
:106750000201096801F0700188420CD2FFE744F29F
:106760001841C5F60201086820F07000049A126909
:1067700010430860FFE7FFE704980078000700284F
:1067800019D5FFE70498406944F21C41C5F602019F
:10679000096801F0700188420CD2FFE744F21C4105
:1067A000C5F60201086820F07000049A526910438F
:1067B0000860FFE7FFE704980078C006002819D5B5
:1067C000FFE70498806944F21C41C5F6020109689C
:1067D00001F4E06188420CD2FFE744F21C41C5F6A7
:1067E0000201086820F4E060049A9269104308608E
:1067F000FFE7FFE7049800788006002819D5FFE737
:106800000498C06944F22041C5F60201096801F00C
:10681000700188420CD2FFE744F22041C5F6020124
:10682000086820F07000049AD26910430860FFE7FE
:10683000FFE700F089F844F21842C5F60202116839
:10684000C1F303234DF2A811C0F60001CB5C03F0A5
:106850001F03D84000900098126802F00F02895C74
:1068600001F01F01C84040F26401C2F2004108601B
:10687000009840F26001C2F20041086040F26C00F2
:10688000C2F200400068FDF707FA8DF80B009DF892
:106890000B008DF81700FFE79DF8170006B080BDCC
:1068A00080B582B000F050F844F21842C5F60202FA
:1068B0001168C1F303234DF2A811C0F60001CB5CAF
:1068C00003F01F03D84001900198126802F00F02F4
:1068D000895C01F01F0120FA01F140F26400C2F26C
:1068E00000400160019940F26002C2F20042116072
:1068F000006802B080BD000080B5FFF7D1FF44F210
:106900001C41C5F602010968C1F302124DF2A8113B
:10691000C0F60001895C01F01F01C84080BD000085
:1069200080B5FFF7BDFF44F21C41C5F602010968BE
:10693000C1F302224DF2A811C0F60001895C01F0FA
:106940001F01C84080BD00008AB044F21040C5F667
:106950000200006800F0380001460191182800F29A
:106960005F810199DFE811F019005C015C015C01B5
:106970005C015C015C015C013A005C015C015C0152
:106980005C015C015C015C0140005C015C015C013C
:106990005C015C015C015C01460044F20040C5F60C
:1069A0000200006800F020010020B0EB511F0ED063
:1069B000FFE744F20040C5F602000068C0F3C101E1
:1069C00049F20000C0F2D030C840029005E049F220
:1069D0000000C0F2D0300290FFE727E140F600103F
:1069E000C0F23D00029021E147F64000C0F27D1068
:1069F00002901BE144F22840C5F60200016801F054
:106A0000030108910068C0F30510079044F22C4080
:106A1000C5F60200006800F001000690069844F2F6
:106A20003441C5F60201096889B2C908484300EE3D
:106A3000100AB8EE400A8DED040A0798002800F00D
:106A4000EB80FFE70898009048B1FFE70098012825
:106A500065D0FFE70098022800F08380A3E044F2AD
:106A60000040C5F60200006800F020010020B0EBF5
:106A7000511F31D0FFE744F20040C5F60200006824
:106A8000C0F3C10149F20000C0F2D030C840059007
:106A90009DED050AB8EE400A9DED071AB8EE411AC1
:106AA00080EE010A44F23040C5F6020000686FF340
:106AB0005F2001EE100AB8EE411A9DED042A9FED09
:106AC0005E3A02EE031AB7EE002A31EE021A20EE09
:106AD000010A8DED030A21E09DED070AB8EE401A88
:106AE0009FED570A80EE010A44F23040C5F60200DD
:106AF00000686FF35F2001EE100AB8EE411A9DEDB9
:106B0000042A9FED4D3A02EE031AB7EE002A31EE49
:106B1000021A20EE010A8DED030AFFE765E09DED04
:106B2000070AB8EE401A9FED450A80EE010A44F2CA
:106B30003040C5F6020000686FF35F2001EE100AD6
:106B4000B8EE411A9DED042A9FED3B3A02EE031A7E
:106B5000B7EE002A31EE021A20EE010A8DED030A8B
:106B600043E09DED070AB8EE401A9FED320A80EE31
:106B7000010A44F23040C5F6020000686FF35F205E
:106B800001EE100AB8EE411A9DED042A9FED2A3A53
:106B900002EE031AB7EE002A31EE021A20EE010AC5
:106BA0008DED030A21E09DED070AB8EE401A9FED36
:106BB000230A80EE010A44F23040C5F60200006864
:106BC0006FF35F2001EE100AB8EE411A9DED042A22
:106BD0009FED193A02EE031AB7EE002A31EE021ABF
:106BE00020EE010A8DED030AFFE744F23040C5F6BE
:106BF0000200006881B2012000EB512009909DED58
:106C0000030A9DED091AB8EE411A80EE010ABCEEA6
:106C1000C00A8DED020A02E000200290FFE705E0C5
:106C200040F60010C0F23D000290FFE702980AB063
:106C3000704700BF20BCBE4B000000390024744ADE
:106C40000024744C0000000080B58CB00A900A98B3
:106C500028B9FFE701208DF82F0000F09DBD0A98AC
:106C60000078C007002800F0B980FFE744F2104028
:106C7000C5F60200006800F03800069044F2284093
:106C8000C5F6020000680590069810280AD0FFE7B4
:106C9000069818281CD1FFE7059800F00300022889
:106CA00016D1FFE744F20040C5F60200006800F488
:106CB00000310020B0EB514F09D0FFE70A9840683F
:106CC00028B9FFE701208DF82F0000F065BD84E0B2
:106CD000FFE70A984068B0F5803F09D1FFE744F22A
:106CE0000041C5F60201086840F48030086032E0D7
:106CF0000A98406868B9FFE744F20041C5F602010E
:106D0000086820F480300860086820F4802008605B
:106D100020E00A984068B0F5A02F0DD1FFE744F2BB
:106D20000041C5F60201086840F480200860086848
:106D300040F4803008600CE044F20041C5F60201E6
:106D4000086820F480300860086820F4802008601B
:106D5000FFE7FFE7FFE7FFE70A984068F0B1FFE7CA
:106D6000FCF742FF0990FFE744F20040C5F602003D
:106D7000006800F400310020B0EB514F0DD1FFE767
:106D8000FCF732FF0999401A652805D3FFE7032075
:106D90008DF82F0000F000BDE6E71DE0FCF724FFB2
:106DA0000990FFE744F20040C5F60200006800F4D5
:106DB00000310020B0EB514F0DD0FFE7FCF714FF7E
:106DC0000999401A652805D3FFE703208DF82F00A5
:106DD00000F0E2BCE6E7FFE7FFE7FFE70A9800788C
:106DE0008007002840F11681FFE744F21040C5F605
:106DF0000200006800F03800049044F22840C5F614
:106E0000020000680390049850B1FFE70498182826
:106E100078D1FFE79DF80C008007002872D1FFE7CA
:106E200044F20040C5F60200006800F004010020B2
:106E3000B0EB910F09D0FFE70A98C06828B9FFE7C7
:106E400001208DF82F0000F0A7BC44F20041C5F6E8
:106E50000201086820F019000A9AD26810430860FD
:106E6000FCF7C2FE0990FFE744F20040C5F60200BD
:106E7000006800F004010020B0EB910F0DD1FFE796
:106E8000FCF7B2FE0999401A032805D3FFE7032057
:106E90008DF82F0000F080BCE6E7FFE7FCF79CFED2
:106EA00041F2030188421DD8FFE70A980069402893
:106EB0000AD1FFE744F20441C5F602010868202226
:106EC00062F3113008600CE044F20441C5F602019F
:106ED000086820F47C300A9A126940EA023008609F
:106EE000FFE70CE044F20441C5F60201086820F017
:106EF000FE400A9A126940EA02600860FFE7FFE775
:106F0000FFE786E00A98C06800285CD0FFE744F2FB
:106F10000041C5F60201086820F019000A9AD268FB
:106F200010430860FCF760FE0990FFE744F2004060
:106F3000C5F60200006800F004010020B0EB910FDC
:106F40000DD1FFE7FCF750FE0999401A032805D33D
:106F5000FFE703208DF82F0000F01EBCE6E7FFE7F7
:106F6000FCF73AFE41F2030188421DD8FFE70A9878
:106F7000006940280AD1FFE744F20441C5F6020146
:106F80000868202262F3113008600CE044F20441EA
:106F9000C5F60201086820F47C300A9A126940EABA
:106FA00002300860FFE70CE044F20441C5F602013C
:106FB000086820F0FE400A9A126940EA0260086000
:106FC000FFE7FFE724E044F20041C5F6020108684C
:106FD00020F001000860FCF707FE0990FFE744F28B
:106FE0000040C5F60200006800F004010020B0EB8C
:106FF000910F0CD0FFE7FCF7F7FD0999401A032821
:1070000004D3FFE703208DF82F00C5E3E7E7FFE790
:10701000FFE7FFE70A980078C006002840F1EB8000
:10702000FFE744F21040C5F60200006800F03800A7
:10703000029044F22840C5F60200006801900298D0
:1070400008280AD0FFE70298182850D1FFE70198D6
:1070500000F0030001284AD1FFE744F20040C5F6E2
:107060000200006800F480710020B0EB112F09D0FD
:10707000FFE70A98C069802804D0FFE701208DF857
:107080002F0089E3FFE7FCF7A7FD41F203018842E7
:107090001DD8FFE70A98006A20280AD1FFE744F2CA
:1070A0000441C5F602010868102262F39E60086080
:1070B0000CE044F20441C5F60201086820F0F840F3
:1070C0000A9A126A40EA82600860FFE70CE044F224
:1070D0000C41C5F60201086820F07C500A9A126A39
:1070E00040EA02600860FFE7FFE7FFE782E00A98F6
:1070F000C069002858D0FFE744F20041C5F60201FC
:10710000086840F080000860FCF76EFD0990FFE71A
:1071100044F20040C5F60200006800F480710020CF
:10712000B0EB112F0CD1FFE7FCF75EFD0999401A77
:10713000032804D3FFE703208DF82F002CE3E7E7B3
:10714000FFE7FCF749FD41F2030188421DD8FFE744
:107150000A98006A20280AD1FFE744F20441C5F6E4
:1071600002010868102262F39E6008600CE044F29D
:107170000441C5F60201086820F0F8400A9A126A34
:1071800040EA82600860FFE70CE044F20C41C5F67B
:107190000201086820F07C500A9A126A40EA0260F4
:1071A0000860FFE7FFE724E044F20041C5F6020172
:1071B000086820F080000860FCF716FD0990FFE7E2
:1071C00044F20040C5F60200006800F4807100201F
:1071D000B0EB112F0CD0FFE7FCF706FD0999401A20
:1071E000032804D3FFE703208DF82F00D4E2E7E75C
:1071F000FFE7FFE7FFE70A980078000700284FD570
:10720000FFE70A98406928B3FFE744F27441C5F6E6
:107210000201086840F001000860FCF7E5FC0990F5
:10722000FFE744F27440C5F60200006800F0020176
:107230000020B0EB510F0CD1FFE7FCF7D5FC09990A
:10724000401A032804D3FFE703208DF82F00A3E2A0
:10725000E7E724E044F27441C5F60201086820F033
:1072600001000860FCF7C0FC0990FFE744F274409D
:10727000C5F60200006800F002010020B0EB510FDB
:107280000CD0FFE7FCF7B0FC0999401A032804D39F
:10729000FFE703208DF82F007EE2E7E7FFE7FFE737
:1072A0000A980078800600284FD5FFE70A98806981
:1072B00028B3FFE744F20041C5F60201086840F434
:1072C00080500860FCF790FC0990FFE744F2004012
:1072D000C5F60200006800F400510020B0EB513FF9
:1072E0000CD1FFE7FCF780FC0999401A032804D36E
:1072F000FFE703208DF82F004EE2E7E724E044F299
:107300000041C5F60201086820F480500860FCF7CF
:107310006BFC0990FFE744F20040C5F602000068EC
:1073200000F400510020B0EB513F0CD0FFE7FCF718
:107330005BFC0999401A032804D3FFE703208DF86A
:107340002F0029E2E7E7FFE7FFE70A980078400708
:10735000002840F1A780FFE744F60001C5F60201CE
:10736000086840F480700860FCF73EFC0990FFE775
:1073700044F60000C5F602000068C00500280CD4E1
:10738000FFE7FCF731FC0999401A652804D3FFE7B1
:1073900003208DF82F00FFE1EAE7FFE70A988068F5
:1073A000012809D1FFE744F27041C5F602010868DF
:1073B00040F00100086031E00A98806868B9FFE792
:1073C00044F27041C5F60201086820F0010008602F
:1073D000086820F0040008601FE00A98806805280B
:1073E0000DD1FFE744F27041C5F60201086840F094
:1073F00004000860086840F0010008600CE044F2F6
:107400007041C5F60201086820F0010008600868B4
:1074100020F004000860FFE7FFE7FFE7FFE70A98B6
:107420008068F8B1FFE7FCF7DFFB0990FFE744F263
:107430007040C5F60200006800F002010020B0EBC9
:10744000510F0ED1FFE7FCF7CFFB0999401A41F22B
:107450008931884204D3FFE703208DF82F009BE198
:10746000E5E71EE0FCF7C0FB0990FFE744F270403F
:10747000C5F60200006800F002010020B0EB510FD9
:107480000ED0FFE7FCF7B0FB0999401A41F28931B1
:10749000884204D3FFE703208DF82F007CE1E5E765
:1074A000FFE7FFE70A98406A002800F07181FFE7D4
:1074B00044F21040C5F60200006800F038001828B9
:1074C00000F0E080FFE70A98406A022840F0B480AC
:1074D000FFE744F20041C5F60201086820F0807021
:1074E0000860FCF781FB0990FFE744F20040C5F615
:1074F0000200006800F000710020B0EB516F0CD06A
:10750000FFE7FCF771FB0999401A032804D3FFE752
:1075100003208DF82F003FE1E7E7FFE744F2284121
:10752000C5F60201086840F2F33290430A9B9A6A5A
:10753000DB6A42EA0312104308600A99086BD1F82B
:1075400034C08B6BCA6B01386FF35F204FF600615C
:10755000CFF6FF7101EB4C2189B208440021CFF630
:10756000FF7101EB034101F4FE0108444FF07F413C
:1075700001EB026101F0FE41084444F23041C5F6DE
:1075800002010860FFE744F22C41C5F602010091B8
:10759000086820F00100086044F23442C5F6020297
:1075A00010684FF6F87398430A9B9B6C40EAC3003F
:1075B0001060086820F00C000A9A126C10430860F2
:1075C000086820F002000A9A526C104308600868AC
:1075D00040F480300860086840F4003008600868B3
:1075E00040F480200860086840F00100086044F220
:1075F0000041C5F60201086840F080700860FCF7A1
:10760000F3FA0990FFE744F20040C5F60200006873
:1076100000F000710020B0EB516F0CD1FFE7FCF7D8
:10762000E3FA0999401A032804D3FFE703208DF8F1
:107630002F00B1E0E7E724E044F20041C5F6020183
:10764000086820F080700860FCF7CEFA0990FFE728
:1076500044F20040C5F60200006800F0007100200E
:10766000B0EB516F0CD0FFE7FCF7BEFA0999401A56
:10767000032804D3FFE703208DF82F008CE0E7E711
:10768000FFE784E044F22840C5F602000068089055
:1076900044F23040C5F60200006807900A98406A3C
:1076A000012837D0FFE7089800F003000A99896A9B
:1076B00088422FD1FFE7089800F47C710A98C06ACD
:1076C000B0EB111F26D1FFE707986FF35F200A99EF
:1076D000096B013988421DD1FFE7BDF81C100A98DB
:1076E000406B0138B0EB512F14D1FFE7079800F43D
:1076F000FE010A98806B0138B0EB114F0AD1FFE709
:10770000079800F0FE410A98C06B0138B0EB116F8A
:1077100004D0FFE701208DF82F003DE044F2344013
:10772000C5F60200006880B2C00808900A98806C14
:107730000899884229D0FFE744F22C41C5F602019E
:10774000086820F001000860FCF74EFA0990FFE796
:10775000FCF74AFA0999401A08B9FFE7F8E744F23A
:107760003441C5F6020108684FF6F87290430A9A50
:10777000926C40EAC200086044F22C41C5F6020156
:10778000086840F001000860FFE7FFE7FFE7FFE758
:1077900000208DF82F00FFE79DF82F000CB080BD72
:1077A00080B582B00190019802F022FE02B080BD47
:1077B00081B0009001B0704781B0009001B0704777
:1077C00081B0009001B0704784B002900191002018
:1077D0000090FFE7029890F83C00012804D1FFE7F1
:1077E00002208DF80F0074E00299012081F83C001E
:1077F000FFE7FFE7009820F0FF000199C968084300
:107800000090009820F44070019989680843009026
:10781000009820F48060019949680843009000981E
:1078200020F400600199096808430090009820F452
:1078300080500199096908430090009820F4005095
:107840000199496908430090009820F4804001990B
:10785000896A08430090009820F470200199896992
:1078600040EA01400090029800680021C4F2010142
:10787000884209D0FFE70298006840F20041C4F254
:107880000101884217D1FFE7009820F470000199A8
:10789000496A40EA01500090009820F080700199F8
:1078A000C96908430090009820F000700199096AA6
:1078B00008430090FFE70098029909684864FFE7D1
:1078C0000299002081F83C00FFE700208DF80F00AE
:1078D000FFE79DF80F0004B07047000000000000B3
:1078E00080B58CB00A9009910A9820B9FFE7012071
:1078F0008DF82F0082E00A9890F83D0040B9FFE72C
:107900000A99002081F83C000A9800F07DF8FFE712
:107910000A99022081F83D000A9951F8040B02F0FF
:10792000EBFE0A980068099A11689368032203F035
:10793000A7FB0A980168886920F00C008861099803
:1079400042680A9801688869104388610A9801684A
:10795000486840F0800048600A98016888684FF6DF
:107960008F72CFF6CF72104088600A9801688868DD
:1079700040F0400088600A98016888684FF6F87205
:10798000CFF6FE72104088600A980168886840F05F
:1079900004008860002001900690079070210291F9
:1079A0000890059004900998C06803900A980068B0
:1079B00002A903F089F801980A990A68516821F030
:1079C000700151600A990A68516841F05001516094
:1079D0000A9A012182F848100A9A82F83E100A9AFF
:1079E00082F83F100A9A82F844100A9A82F84510E9
:1079F0000A9A82F83D108DF82F00FFE79DF82F00BE
:107A00000CB080BD0000000081B0009001B0704754
:107A100080B584B00290029890F83E008DF8030083
:107A2000029890F83F008DF80200029890F8440008
:107A30008DF80100029890F845008DF800009DF83F
:107A4000030001280FD1FFE79DF8020001280AD1A9
:107A5000FFE79DF80100012805D1FFE79DF8000030
:107A6000012804D0FFE701208DF80F0080E0029983
:107A7000022081F83E00029981F83F00029981F8C6
:107A80004400029981F8450002980168C86840F0F6
:107A90000200C860029800680021012202F000FF85
:107AA000029800680021C4F2010188423CD0FFE73F
:107AB00002980068B0F1804F36D0FFE70298006866
:107AC00040F20041C4F2000188422DD0FFE7029845
:107AD000006840F60001C4F20001884224D0FFE7AC
:107AE0000298006840F60041C4F2000188421BD0B1
:107AF000FFE70298006840F20041C4F201018842A9
:107B000012D0FFE70298006841F60001C4F20001BC
:107B1000884209D0FFE70298006844F20001C4F2ED
:107B20000101884219D1FFE70298006880680721A7
:107B3000C0F2010108400190019806280CD0FFE72F
:107B40000198B0F5803F07D0FFE702980168086808
:107B500040F001000860FFE706E00298016808684D
:107B600040F001000860FFE700208DF80F00FFE7FC
:107B70009DF80F0004B080BD85B003900291FFE72F
:107B8000039890F83C00012804D1FFE702208DF80B
:107B9000130099E00399012081F83C00FFE7FFE71B
:107BA0000399022081F83D00039800684068019025
:107BB0000398006880680090039800680021C4F270
:107BC0000101884209D0FFE70398006840F20041B4
:107BD000C4F2010188420AD1FFE7019820F4700045
:107BE000019002984168019808430190FFE70198CD
:107BF00020F07000019002980168019808430190FC
:107C00000198039909684860039800680021C4F24C
:107C1000010188423CD0FFE703980068B0F1804F33
:107C200036D0FFE70398006840F20041C4F200013B
:107C300088422DD0FFE70398006840F60001C4F2A7
:107C40000001884224D0FFE70398006840F6004115
:107C5000C4F2000188421BD0FFE70398006840F29D
:107C60000041C4F20101884212D0FFE70398006886
:107C700041F60001C4F20001884209D0FFE70398F1
:107C8000006844F20001C4F2010188420ED1FFE70E
:107C9000009820F0800000900298816800980843C6
:107CA00000900098039909688860FFE70399012014
:107CB00081F83D00FFE70399002081F83C00FFE7D1
:107CC00000208DF81300FFE79DF8130005B0704702
:107CD00080B58AB008900791079828B9FFE70898FF
:107CE00090F8440005901CE00798042805D1FFE7B0
:107CF000089890F84500049010E00798082805D1EE
:107D0000FFE7089890F84600039004E0089890F880
:107D100047000390FFE703980490FFE7049805905D
:107D2000FFE70598012804D0FFE701208DF8270020
:107D30009AE0079828B9FFE70899022081F84400E3
:107D40001EE00798042806D1FFE70899022081F871
:107D50004500029012E00798082806D1FFE708992D
:107D6000022081F84600019005E00899022081F880
:107D700047000190FFE701980290FFE70298FFE7B4
:107D8000089800680799042202F0A6FD0898016887
:107D9000486C40F400404864089800680021C4F230
:107DA000010188423CD0FFE708980068B0F1804F9D
:107DB00036D0FFE70898006840F20041C4F20001A5
:107DC00088422DD0FFE70898006840F60001C4F211
:107DD0000001884224D0FFE70898006840F600417F
:107DE000C4F2000188421BD0FFE70898006840F207
:107DF0000041C4F20101884212D0FFE708980068F0
:107E000041F60001C4F20001884209D0FFE708985A
:107E1000006844F20001C4F20101884219D1FFE771
:107E20000898006880680721C0F2010108400690A8
:107E3000069806280CD0FFE70698B0F5803F07D0DB
:107E4000FFE708980168086840F001000860FFE754
:107E500006E008980168086840F001000860FFE744
:107E600000208DF82700FFE79DF827000AB080BDAD
:107E700080B582B00090009820B9FFE701208DF80E
:107E8000070045E0009890F83D0040B9FFE70099F1
:107E9000002081F83C00009800F03EF8FFE70099D0
:107EA000022081F83D00009951F8040B02F024FCF7
:107EB0000099012081F84800FFE70099012081F82E
:107EC0003E00009981F83F00009981F84000009938
:107ED00081F84100009981F84200009981F843003F
:107EE000FFE7FFE70099012081F84400009981F83D
:107EF0004500009981F84600009981F84700FFE7A6
:107F00000099012081F83D0000208DF80700FFE76F
:107F10009DF8070002B080BD80B58EB00D900020A6
:107F20000C900B900A90099008900D980068002121
:107F3000C4F20101884219D1FFE7FFE744F2F040A3
:107F4000C5F60200016841F001010160006800F01F
:107F5000010007900798FFE71920039000221146BF
:107F6000FBF76EFF0398FBF75FFF65E00D98006875
:107F700040F60041C4F20001884239D1FFE7FFE733
:107F800044F2E840C5F60200016841F008010160D2
:107F9000006800F0080006900698FFE7FFE744F24B
:107FA000E040C5F60200016841F080010160006810
:107FB00000F0800005900598FFE74FF4E05008902E
:107FC00002200990002101910A910B910C9041F639
:107FD0000040C5F6020008A9FBF7EAFB019A32202F
:107FE00002900121FBF72CFF0298FBF71DFF22E016
:107FF0000D98006841F20041C4F20001884219D195
:10800000FFE7FFE744F2E840C5F60200016841F0EF
:1080100020010160006800F0200004900498FFE750
:108020003720009001221146FBF70AFF0098FBF76A
:10803000FBFEFFE7FFE7FFE70EB080BD000000009A
:1080400083B00190019890F83D00012804D0FFE72B
:1080500001208DF80B0071E00199022081F83D00AC
:1080600001980168C86840F00100C8600198006884
:108070000021C4F2010188423CD0FFE7019800686A
:10808000B0F1804F36D0FFE70198006840F2004120
:10809000C4F2000188422DD0FFE70198006840F645
:1080A0000001C4F20001884224D0FFE70198006873
:1080B00040F60041C4F2000188421BD0FFE701985E
:1080C000006840F20041C4F20101884212D0FFE78B
:1080D0000198006841F60001C4F20001884209D00D
:1080E000FFE70198006844F20001C4F201018842F0
:1080F00019D1FFE70198006880680721C0F20101EB
:1081000008400090009806280CD0FFE70098B0F5D2
:10811000803F07D0FFE701980168086840F0010040
:108120000860FFE706E001980168086840F0010078
:108130000860FFE700208DF80B00FFE79DF80B00BB
:1081400003B070470000000080B586B00490039132
:1081500000208DF80B00FFE7049890F83C00012800
:1081600004D1FFE702208DF81700D1E00499012027
:1081700081F83C00FFE7FFE70499022081F83D0009
:10818000049800688068019001984FF68871CFF6D6
:10819000CE7108400190019820F47F400190019831
:1081A000049909688860039800680090002800F02E
:1081B0009580FFE70098102800F09080FFE7009876
:1081C000202800F08B80FFE70098302800F08680A0
:1081D000FFE70098402874D0FFE70098502856D059
:1081E000FFE7009860285FD0FFE7009870282AD04A
:1081F000FFE70098B0F5805F24D0FFE70098B0F566
:10820000005F35D0FFE70098B0F5801F66D0FFE72C
:108210000098B0F1101F61D0FFE700982021C0F254
:10822000100188425AD0FFE700983021C0F21001B7
:10823000884253D0FFE700984021C0F210018842E5
:108240004CD052E055E004980068039B5A68996846
:10825000DB6802F05DFB049800688068019001987B
:1082600040F077000190019804990968886040E027
:1082700004980068039B5A689968DB6802F048FB21
:1082800004980168886840F48040886031E0049870
:108290000068039A5168D26802F0CAFE0498006828
:1082A000502102F051FB24E004980068039A5168C1
:1082B000D26802F071FF04980068602102F044FB6C
:1082C00017E004980068039A5168D26802F0B0FE83
:1082D00004980068402102F037FB0AE00498006827
:1082E0000399096802F030FB03E001208DF80B00D0
:1082F000FFE70499012081F83D00FFE70499002081
:1083000081F83C00FFE79DF80B008DF81700FFE7B0
:108310009DF8170006B080BD80B586B00590059821
:1083200040F21821C2F20041884240F0A180FFE7EC
:108330000598002100F088FC024640F20411C2F2C8
:108340000041029148681044486041F60040C5F67B
:10835000020001904FF48061FBF70EFC014601988A
:10836000002918BF01218DF813104FF40061FBF7AD
:1083700003FC01460198002918BF01218DF8121055
:108380004FF48051FBF7F8FB01460298002918BF13
:1083900001218DF811109DF8121089009DF811200F
:1083A00041EA42019DF81320114301700078013821
:1083B0000146039105285AD80399DFE801F00C3CE7
:1083C0000324183040F20411C2F2004100208860FA
:1083D000886848624BE040F20411C2F2004140F666
:1083E0009220C3F68670C860C86848623FE040F2D9
:1083F0000411C2F2004140F69220C4F20600086166
:108400000869486233E040F20411C2F2004140F6CC
:10841000DB70C4F2490048614869486227E040F2D5
:108420000411C2F2004140F69220C4F28600886135
:10843000886948621BE040F20411C2F2004148F62C
:108440003650C4F2A700C861C869486291ED010ABC
:10845000B8EE400A9FED071A20EE011A9FED060ABA
:1084600080EE010A81ED080A00204860FFE7FFE77F
:1084700006B080BDBD378635DB0FC9400000000067
:1084800080B584B0039003980068C0680290039898
:108490000068006901909DF804008007002824D539
:1084A000FFE79DF80800800700281DD5FFE7039827
:1084B00001686FF0020008610399012008770398B2
:1084C00000688069800720B1FFE70398FFF724FF69
:1084D00006E0039800F030F9039800F061FAFFE736
:1084E000039900200877FFE7FFE79DF804004007A5
:1084F000002825D5FFE79DF80800400700281ED575
:10850000FFE7039801686FF00400086103990220F7
:10851000087703980068806910F4407F04D0FFE773
:108520000398FFF7F9FE06E0039800F005F90398B9
:1085300000F036FAFFE7039900200877FFE7FFE72E
:108540009DF804000007002824D5FFE79DF80800E7
:10855000000700281DD5FFE7039801686FF00800A9
:10856000086103990420087703980068C0698007B0
:1085700020B1FFE70398FFF7CFFE06E0039800F075
:10858000DBF8039800F00CFAFFE703990020087766
:10859000FFE7FFE79DF80400C006002825D5FFE7A8
:1085A0009DF80800C00600281ED5FFE70398016863
:1085B0006FF010000861039908200877039800689D
:1085C000C06910F4407F04D0FFE70398FFF7A4FED2
:1085D00006E0039800F0B0F8039800F0E1F9FFE737
:1085E000039900200877FFE7FFE79DF80400C00724
:1085F00078B1FFE79DF80800C00748B1FFE703988E
:1086000001686FF001000861039800F00DFBFFE7BF
:10861000FFE7019800F08000802806D0FFE79DF872
:1086200005008006002810D5FFE79DF80800000629
:10863000002809D5FFE7039801686FF4025008612C
:108640000398FFF7B9F8FFE7FFE79DF80500C007BB
:1086500080B1FFE79DF808000006002809D5FFE774
:10866000039801686FF4807008610398FFF7A0F821
:10867000FFE7FFE79DF804004006002810D5FFE75C
:108680009DF808004006002809D5FFE70398016817
:108690006FF040000861039800F002FBFFE7FFE77E
:1086A0009DF804008006002810D5FFE79DF808001B
:1086B0008006002809D5FFE7039801686FF02000C5
:1086C00008610398FFF77CF8FFE7FFE704B080BD7F
:1086D00080B588B007900020069005900490039024
:1086E0000290079800680021C4F20101884221D15C
:1086F000FFE7FFE744F2E040C5F60200016841F001
:1087000010010160006800F0100001900198FFE77F
:108710004FF47C50029002200390002004900590BA
:108720000120069041F20000C5F6020002A9FBF705
:108730003FF8FFE708B080BD81B0009001B07047FE
:1087400080B586B004900391029200208DF8070056
:10875000FFE7049890F83C00012804D1FFE70220CD
:108760008DF81700C0E00499012081F83C00FFE774
:10877000FFE702980090142800F2A7800099DFE834
:1087800001F00BA4A4A424A4A4A43EA4A4A457A4CC
:10879000A4A471A4A4A48A0004980068039902F018
:1087A000EBF804980168886940F008008861049833
:1087B0000168886920F004008861039802690498C0
:1087C000016888691043886183E004980068039910
:1087D00002F07AF904980168886940F400608861C1
:1087E00004980168886920F48060886103980269B0
:1087F00004980168886940EA0220886169E0049869
:108800000068039902F018FA04980168C86940F0FA
:108810000800C86104980168C86920F00400C861B4
:108820000398026904980168C8691043C86150E060
:1088300004980068039902F0B7FA04980168C869BF
:1088400040F40060C86104980168C86920F4806041
:10885000C8610398026904980168C86940EA022067
:10886000C86136E004980068039902F00DFB049893
:108870000168486D40F00800486504980168486D3B
:1088800020F0040048650398026904980168486D67
:10889000104348651DE004980068039902F05CFBF2
:1088A00004980168486D40F40060486504980168C8
:1088B000486D20F480604865039802690498016857
:1088C000486D40EA0220486503E001208DF807006A
:1088D000FFE7FFE70499002081F83C00FFE79DF8DF
:1088E00007008DF81700FFE79DF8170006B080BD60
:1088F00080B582B00090009820B9FFE701208DF884
:10890000070045E0009890F83D0040B9FFE7009966
:10891000002081F83C00009800F03EF8FFE7009945
:10892000022081F83D00009951F8040B01F0E4FEAB
:108930000099012081F84800FFE70099012081F8A3
:108940003E00009981F83F00009981F840000099AD
:1089500081F84100009981F84200009981F84300B4
:10896000FFE7FFE70099012081F84400009981F8B2
:108970004500009981F84600009981F84700FFE71B
:108980000099012081F83D0000208DF80700FFE7E5
:108990009DF8070002B080BD81B0009001B0704723
:1089A00081B0009001B0704780B590B00E900D91ED
:1089B0000D9828B9FFE70E9890F83E000B9034E030
:1089C0000D98042805D1FFE70E9890F83F000A9013
:1089D00028E00D98082805D1FFE70E9890F8400090
:1089E00009901CE00D980C2805D1FFE70E9890F82F
:1089F0004100089010E00D98102805D1FFE70E986F
:108A000090F84200079004E00E9890F84300079019
:108A1000FFE707980890FFE708980990FFE7099893
:108A20000A90FFE70A980B90FFE70B98012804D003
:108A3000FFE701208DF83F00F1E00D9828B9FFE72E
:108A40000E99022081F83E0038E00D98042806D1E6
:108A5000FFE70E99022081F83F0006902CE00D9868
:108A6000082806D1FFE70E99022081F84000059002
:108A70001FE00D980C2806D1FFE70E99022081F81F
:108A80004100049012E00D98102806D1FFE70E99DE
:108A9000022081F84200039005E00E99022081F83F
:108AA00043000390FFE703980490FFE704980590C4
:108AB000FFE705980690FFE70698FFE70E98006825
:108AC0000D990122019201F0EBFE01980E990968BF
:108AD0000022C4F20102914202902DD0FFE70E98CD
:108AE0000168012040F20042C4F20102914202906A
:108AF00022D0FFE70E980168012044F20002C4F280
:108B000001029142029017D0FFE70E980168012000
:108B100044F20042C4F20102914202900CD0FFE7FD
:108B20000E9800684BF60001CBF6FE710844B0FACF
:108B300080F040090290FFE70298C00738B1FFE7D4
:108B40000E980168486C40F400404864FFE70E98B6
:108B500000680021C4F2010188423CD0FFE70E9872
:108B60000068B0F1804F36D0FFE70E98006840F201
:108B70000041C4F2000188422DD0FFE70E98006842
:108B800040F60001C4F20001884224D0FFE70E98AD
:108B9000006840F60041C4F2000188421BD0FFE7A4
:108BA0000E98006840F20041C4F20101884212D0E0
:108BB000FFE70E98006841F60001C4F20001884208
:108BC00009D0FFE70E98006844F20001C4F20101E9
:108BD000884219D1FFE70E98006880680721C0F22B
:108BE000010108400C900C9806280CD0FFE70C9867
:108BF000B0F5803F07D0FFE70E980168086840F0A5
:108C000001000860FFE706E00E980168086840F080
:108C100001000860FFE700208DF83F00FFE79DF8A6
:108C20003F0010B080BD000081B00090009840F27D
:108C30006421C2F20041884201D1FFE7FFE701B0A1
:108C4000704700000000000084B0039002910020F3
:108C50000190029800900C281DD80099DFE801F0DF
:108C6000071B1B1B0C1B1B1B111B1B1B160003983C
:108C70000068406B01900FE003980068806B0190E2
:108C80000AE003980068C06B019005E00398006853
:108C9000006C019000E0FFE7019804B0704700000D
:108CA00081B0009001B0704783B00190FFE7019858
:108CB00090F88400012804D1FFE702208DF80B0012
:108CC0002CE00199012081F88400FFE7FFE701997A
:108CD0002420C1F88800019800680068009001987D
:108CE0000168086820F001000860009820F000503A
:108CF0000090019900204866009801990968086071
:108D000001992020C1F88800FFE70199002081F82F
:108D10008400FFE700208DF80B00FFE79DF80B00B3
:108D200003B070470000000080B584B0029001914C
:108D3000FFE7029890F88400012804D1FFE70220A1
:108D40008DF80F0032E00299012081F88400FFE7DE
:108D5000FFE702992420C1F88800029800680068A3
:108D6000009002980168086820F0010008600298ED
:108D70000068806820F060600199084302990968E2
:108D80008860029802F034FA009802990968086035
:108D900002992020C1F88800FFE70299002081F89D
:108DA0008400FFE700208DF80F00FFE79DF80F001B
:108DB00004B080BD0000000080B584B00290019135
:108DC000FFE7029890F88400012804D1FFE7022011
:108DD0008DF80F0032E00299012081F88400FFE74E
:108DE000FFE702992420C1F8880002980068006813
:108DF000009002980168086820F00100086002985D
:108E00000068806820F06040019908430299096871
:108E10008860029802F0ECF90098029909680860ED
:108E200002992020C1F88800FFE70299002081F80C
:108E30008400FFE700208DF80F00FFE79DF80F008A
:108E400004B080BD0000000080B582B000900098A2
:108E500020B9FFE701208DF8070046E000988069FF
:108E600008B1FFE700E0FFE70098D0F8880040B9BC
:108E7000FFE70099002081F88400009800F03CF89A
:108E8000FFE700992420C1F888000098016808686D
:108E900020F0010008600098806A20B1FFE7009888
:108EA00002F0EAF9FFE7009802F07EFB012804D106
:108EB000FFE701208DF8070017E000980168486877
:108EC00020F49040486000980168886820F02A00EB
:108ED000886000980168086840F001000860009808
:108EE00002F06EFA8DF80700FFE79DF8070002B068
:108EF00080BD00000000000080B5B8B037900020B1
:108F00003690359034903390329002A8C021F7F714
:108F1000C5FA3798006841F20001C4F201018842A5
:108F20003DD1FFE70020039001210291219002A88A
:108F3000FCF71AFA18B1FFE7F7F7E6FCFFE7FFE7DF
:108F400044F2F040C5F60200016841F010010160F2
:108F5000006800F0100001900198FFE7FFE744F27D
:108F6000E040C5F60200016841F0020101600068BE
:108F700000F0020000900098FFE74FF4404032906C
:108F8000022033900020349035900420369040F237
:108F90000040C5F6020032A9FAF70AFCFFE738B034
:108FA00080BD00000000000080B58AB008900791E5
:108FB000ADF81A2005930898D0F88800202840F0D2
:108FC0008780FFE7079820B1FFE7BDF81A0020B9B6
:108FD000FFE701208DF827007EE008990020C1F806
:108FE000900008992120C1F88800FAF7FDFD029051
:108FF000BDF81A000899A1F85400BDF81A000899A4
:10900000A1F8560008988068B0F5805F09D1FFE7A5
:109010000898006928B9FFE700200490079803909A
:1090200004E00798049000200390FFE7FFE708980A
:10903000B0F8560088B3FFE70898029B05996A4686
:1090400011608021002202F043FF40B1FFE7089940
:109050002020C1F8880003208DF827003CE0049808
:1090600058B9FFE7039800886FF35F2008990968F3
:10907000886203980230039008E004980078089909
:1090800009688862049801300490FFE70899B1F8F4
:1090900056000138A1F85600C9E70898029B0599C7
:1090A0006A4611604021002202F012FF40B1FFE742
:1090B00008992020C1F8880003208DF827000BE0D4
:1090C00008992020C1F8880000208DF8270003E0CF
:1090D00002208DF82700FFE79DF827000AB080BD29
:1090E000FFE7FEE70000000081B00090009988686B
:1090F0004FF6C072C5F6FF721040886001B070472D
:1091000081B00090009880684FF6C071C7F6FF717B
:10911000084001300099886001B0704700000000ED
:1091200081B000900098806840F080504FF6C07188
:10913000C7F6FF7108400099886001B070470000D1
:1091400081B000900098806800F0E07001B0704736
:1091500081B000900098806800F0E07001B0704726
:1091600081B000900098806800F4404001B07047E2
:1091700081B000900098806800F01F0001B0704737
:1091800081B000900098806800F01F0001B0704727
:1091900083B0029001910298019900EB8100603048
:1091A00000900098006800F0F84003B0704700009D
:1091B00081B000900098C06800F0007001B0704766
:1091C00081B0009000988068C0F3C00001B0704783
:1091D00081B0009000988068C0F3C00001B0704773
:1091E00081B000900098C06C00F4C070B0FA80F0BC
:1091F000400901B07047000082B0019000910198D1
:10920000C0684FF6FF71C7F6DF7108400099084348
:109210000199C86002B0704781B0009000988068E2
:109220004FF6C071C7F6FF7108400830009988609A
:1092300001B070470000000081B000900098806885
:10924000C0F3407001B0704781B000900098806812
:1092500000F0010001B0704781B000900098806874
:1092600000F0010001B0704781B000900098806864
:10927000C0F3007001B0704781B000900098806822
:10928000C0F3800001B0704781B000900098806802
:10929000C0F3800001B0704781B000900098C068B2
:1092A00000F44060B0FA80F0400901B0704700005F
:1092B00084B00390029101920398029901F44071E5
:1092C00000EB91103030009000980068029901F096
:1092D0001F021F21914088430199C1F3846191408D
:1092E00008430099086004B07047000000000000C7
:1092F00085B0029001910198000328B9FFE7019819
:10930000C0F38460009014E0019890FAA0F00390FC
:10931000039820B9FFE720208DF8130005E003989B
:10932000B0FA80F08DF81300FFE79DF8130000906D
:10933000FFE7009800F01F01012000FA01F20299F6
:10934000C8691043C86105B0704700000000000004
:1093500085B0029001910198000328B9FFE70198B8
:10936000C0F38460009014E0019890FAA0F003909C
:10937000039820B9FFE720208DF8130005E003983B
:10938000B0FA80F08DF81300FFE79DF8130000900D
:10939000FFE7009800F01F01012000FA01F2029996
:1093A000C8691043C86105B07047000000000000A4
:1093B00084B00390029101920398029901F0007128
:1093C00000EBD15014300090009800680299C1F36E
:1093D0000452072191408843019991400843009924
:1093E000086004B07047000084B0039002910192BD
:1093F0000398029901F0007100EBD15014300090F5
:10940000009800680299C1F30452072191408843F3
:109410000199914008430099086004B0704700002A
:1094200083B00290019100920298D0F8C000019997
:109430006FF31F518843009A02F018034FF6FF7232
:10944000C0F20F02DA40114008440299C1F8C0008E
:1094500003B070470000000083B0029001910092B9
:109460000298D0F8C00001996FF31F518843009A09
:1094700002F018034FF6FF72C0F20F02DA401140FB
:1094800008440299C1F8C00003B070470000000012
:1094900082B0019000910198806820F47C100099BE
:1094A00008430199886002B0704700000000000086
:1094B00082B0019000910198806820F0E0700099DE
:1094C00008430199886002B0704700000000000066
:1094D00082B0019000910198806820F0E0700099BE
:1094E00008430199886002B0704700000000000046
:1094F00083B00290019100920298006920F4F0403C
:109500000099019A02F01F029140084302990861F4
:1095100003B070470000000085B0049003910292F0
:1095200001930498039900EB81006030009000984B
:10953000006800F00040029901F0F841019A1143DF
:1095400008430099086005B0704700000000000063
:1095500085B004900391029201930498039900EB63
:109560008100603000900098006800F0004002998F
:1095700001F0F841019A114308430099086005B0D1
:10958000704700000000000084B003900291019237
:109590000398029900EB8100603000900098006809
:1095A00020F00040019908430099086004B070471A
:1095B00084B00390029101920398029900EB81001C
:1095C000603000900098006820F000400199084346
:1095D0000099086004B0704780B586B00020019003
:1095E0000590049003900290FAF7DAFB01980121AC
:1095F0008DF808108DF8090003901F228DF81020B7
:1096000087228DF811208DF812008DF813008DF847
:1096100014108DF815108DF816008DF8170002A89B
:10962000FAF77EFB0420FAF7CFFB06B080BD0000FE
:1096300080B59CB0002001901B901A901990189052
:1096400017901690159014901390129003A83C2137
:10965000F6F724FF019A40F26810C2F2004002902F
:1096600042F20001C4F2020101604FF48021416026
:1096700082600121C1600823036102754275816126
:10968000027742628262C2624FF480530363426394
:1096900080F83820C163F9F7FFFD18B1FFE7F7F74D
:1096A00033F9FFE70020199040F26810C2F2004041
:1096B00019A9F8F7C5FD18B1FFE7F7F725F9FFE796
:1096C00040F26810C2F200400090F7F785FD009864
:1096D0004021C1F62011129106211391002114910D
:1096E00040F2FF7215920422169217918DF86110C4
:1096F00012A9F8F7F1FE18B1FFE7F7F705F9FFE750
:109700004020C1F620100390092004900321059108
:1097100040F2FF70069004200790002008908DF81A
:1097200028000B918DF830008DF831008DF8320053
:1097300084210D9180210E918DF83C0040F268103B
:10974000C2F2004003A9F7F773FD18B1FFE7F7F77E
:10975000DBF8FFE78020C1F65050039040F20F1075
:10976000049040F26810C2F2004003A9F7F760FDD0
:1097700018B1FFE7F7F7C8F8FFE740F20010C2F2B0
:109780008010039040F21520049040F26810C2F25D
:10979000004003A9F7F74CFD18B1FFE7F7F7B4F85D
:1097A000FFE71CB080BD000080B58EB000200D909A
:1097B0000C900B900A900990FFE744F2E040C5F648
:1097C0000200016841F080010160006800F0800043
:1097D00008900898FFE7FFE744F2E040C5F6020072
:1097E000016841F001010160006800F0010007908C
:1097F0000798FFE7FFE744F2E040C5F60200016882
:1098000041F004010160006800F004000690069831
:10981000FFE7FFE744F2E040C5F60200016841F0CF
:1098200020010160006800F0200005900598FFE726
:10983000FFE744F2E040C5F60200016841F0100184
:109840000160006800F0100004900498FFE7FFE753
:1098500044F2E040C5F60200016841F002010160F7
:10986000006800F0020003900398FFE740F6000054
:10987000C5F6020002904FF480610091002201922F
:10988000FAF792F9009A01990298099201220A9234
:109890000B910C9109A9F9F78BFF0EB080BD000068
:1098A00080B59CB0002001901B901A9019901890E0
:1098B000179016901590149013901290119010908C
:1098C0000F900E9003A82C21F6F7E8FD019940F2C5
:1098D000CC10C2F2004002900022C4F201020260E9
:1098E00041602022826042F6DF62C2600161416114
:1098F00080218161FEF7BCFA18B1FFE7F7F704F8A1
:10990000FFE74FF48050189040F2CC10C2F20040B4
:1099100018A9FEF719FC18B1FFE7F6F7F5FFFFE706
:1099200040F2CC10C2F20040FEF7E2FF18B1FFE7B0
:10993000F6F7EAFFFFE72020159000201690179019
:1099400040F2CC10C2F2004015A9FEF715F918B18B
:10995000FFE7F6F7D9FFFFE760200E9000220F9295
:109960001092119212921392149240F2CC10C2F201
:1099700000400EA9FEF7E4FE18B1FFE7F6F7C4FFBA
:10998000FFE740F2CC10C2F200400EA90422FEF71D
:10999000D7FE18B1FFE7F6F7B7FFFFE740F2CC10AC
:1099A000C2F200400EA90822FEF7CAFE18B1FFE776
:1099B000F6F7AAFFFFE742F6F8200F9040F2CC102E
:1099C000C2F200400EA90C22FEF7BAFE18B1FFE762
:1099D000F6F79AFFFFE700200090039004900590AF
:1099E0006421069107904FF40051089109900A9064
:1099F0004FF000710B910C900D9040F2CC10C2F220
:109A0000004003A9FDF7E0FE18B1FFE7F6F77CFF81
:109A1000FFE740F2CC10C2F20040FEF759FE1CB046
:109A200080BD00000000000080B58CB000210091D6
:109A30000B910A9109910891079106910591049162
:109A400003910291019140F21820C2F2004040F6C9
:109A50000042C4F200020260EF22426081604FF0D7
:109A6000FF32C260016180218161FEF701FA18B105
:109A7000FFE7F6F749FFFFE74FF48050089040F208
:109A80001820C2F2004008A9FEF75EFB18B1FFE7FC
:109A9000F6F73AFFFFE70020049005900C210691AD
:109AA000079040F21820C2F2004004A9FDF718FF09
:109AB00018B1FFE7F6F728FFFFE7502001900020DC
:109AC000039040F21820C2F2004001A9FEF754F8BA
:109AD00018B1FFE7F6F718FFFFE70CB080BD0000F4
:109AE00080B584B0002103910291019140F264207D
:109AF000C2F2004041F20042C4F200020260EF22D2
:109B00004260816040F2E731C16080218161FEF7EF
:109B1000AFF918B1FFE7F6F7F7FEFFE70020019075
:109B2000039040F26420C2F2004001A9FEF724F83D
:109B300018B1FFE7F6F7E8FEFFE704B080BD0000CC
:109B400080B582B040F2B020C2F20040009041F2F5
:109B50000001C4F20101016044F24021C0F20F0192
:109B60004160002101918160C16001610C2242616C
:109B70008161C161016241628162FFF765F918B1DB
:109B8000FFE7F6F7C1FEFFE740F2B020C2F2004067
:109B90000021FFF711F918B1FFE7F6F7B5FEFFE76F
:109BA00040F2B020C2F200400021FFF7BDF818B12A
:109BB000FFE7F6F7A9FEFFE740F2B020C2F200404F
:109BC000FFF772F818B1FFE7F6F79EFEFFE702B065
:109BD00080BD000000000000FFE7FEE7000000007D
:109BE000FFE7FEE70000000088B0079006910592AD
:109BF000079800F0070004900498C0F107000528BA
:109C000003D3FFE70420019004E00498C0F10700AB
:109C10000190FFE70198039004980430062803D8C8
:109C2000FFE70020009003E0049803380090FFE76E
:109C30000098029006980399012202FA01F1013975
:109C40000840029B984005999A40013A1140084308
:109C500008B070470000000081B00090009988694A
:109C6000C861009890ED000A90ED011A30EE410AAB
:109C700080ED060A009890ED040AB5EE400AF1EE78
:109C800010FA0AD0FFE7009890ED061A90ED080A46
:109C900030EE010A80ED080A03E000990020086216
:109CA000FFE7009890ED033A90ED040A90ED051A55
:109CB00090ED062A90ED084A20EE040AA3EE020A6F
:109CC00090ED073A32EE432AA1EE020A80ED020A35
:109CD000009890ED020A90ED091AB4EE410AF1EEF7
:109CE00010FA04DDFFE70099486A8860FFE70098F2
:109CF00090ED020A90ED0A1AB4EE410AF1EE10FA64
:109D000004DAFFE70099886A8860FFE701B07047CE
:109D100080B540F60000C5F602004FF480610122D4
:109D2000F9F742FF80BD000080B584B040F2CC104E
:109D3000C2F20040039000210091FEF735FE009929
:109D40000398FDF7C5FF039804210191FEF72CFE4F
:109D500001990398FDF7BCFF039808210291FEF7D3
:109D600023FE02990398FDF7B3FF0398FEF768F905
:109D700003980C21FEF718FE40F26810C2F2004072
:109D8000F8F732F904B080BD80B584B040F22C10F1
:109D9000C2F2004090ED000A9FEDA11A30EE010AD8
:109DA00080ED000A40F20411C2F2004191ED081A60
:109DB00091ED090A9FED9B2AA1EE020A81ED090AA5
:109DC00090ED000AB1EE001A20EE010A40F2F00018
:109DD000C2F2004080ED000AFFE740F22C10C2F210
:109DE000004090ED000A9FED901AB4EE410AF1EEAA
:109DF00010FA0DDDFFE740F22C10C2F2004090EDAA
:109E0000000A9FED8E1A30EE010A80ED000AE4E7A9
:109E1000FFE740F2F000C2F2004090ED000A9FED33
:109E2000821AB4EE410AF1EE10FA0DDDFFE740F2BE
:109E3000F000C2F2004090ED000A9FED801A30EE73
:109E4000010A80ED000AE4E7FFE740F20410C2F2E5
:109E5000004090ED090A9FED741AB4EE410AF1EE4C
:109E600010FA0DDDFFE740F20410C2F2004090ED61
:109E7000090A9FED721A30EE010A80ED090AE4E743
:109E800042F28000C4F20200006840F2D001C2F247
:109E90000041088042F28400C4F202000068488059
:109EA00042F28800C4F2020000688880088800EE50
:109EB000100AB8EEC00A40F2E400C2F2004090ED91
:109EC000001A30EE410A9FED593A20EE030A9FED49
:109ED000582A80EE020A9FED571A80EE010A40F2DE
:109EE000D803C2F2004383ED000A4A8800EE102A2C
:109EF000B8EEC00A90ED014A30EE440A20EE030AA3
:109F000080EE020A80EE010A83ED010A898800EEE4
:109F1000101AB8EEC00A90ED024A30EE440A20EE64
:109F2000030A80EE020A80EE010A83ED020A93ED35
:109F3000000A93ED012A93ED021A30EE020A30EE88
:109F4000010AB0EE081A80EE010A8DED030A9DEDBC
:109F5000031A93ED000A30EE410A83ED000A9DEDED
:109F6000031A93ED010A30EE410A83ED010A9DEDDB
:109F7000031A93ED020A30EE410A83ED020A4CF611
:109F8000CD40C3F6CC50029040F24810C2F20040DF
:109F900090ED000A93ED001A31EE401A9FED262A4B
:109FA000A1EE020A80ED000A40F24C12C2F2004219
:109FB00092ED000A93ED011A31EE401AA1EE020A69
:109FC00082ED000A40F25011C2F2004191ED000A08
:109FD00093ED021A31EE401AA1EE020A81ED000A59
:109FE000036840F25410C2F20040036012684260FD
:109FF0000968816040F2F401C2F200410191F6F774
:10A00000EFFC019940F2F000C2F2004090ED000A2E
:10A0100040F2FC00C2F20040F6F706FD04B080BD3D
:10A02000FDAD003C17B7D138DB0FC9403333534087
:10A0300000FF7F470AD7A33DCDCCCC3DDB0FC9C085
:10A04000704700000000000080B586B004900391C6
:10A0500000208DF8070044F22840C5F60200006891
:10A0600000F00300032804D1FFE701208DF817005A
:10A07000CBE044F20041C5F60201086820F08060A0
:10A080000860F9F7B1FD0290FFE744F20040C5F621
:10A090000200006800F000610020B0EBD16F0CD02E
:10A0A000FFE7F9F7A1FD0299401A032804D3FFE75F
:10A0B00003208DF81700A8E0E7E7FFE744F2284106
:10A0C000C5F60201086820F47C30049A126840EA60
:10A0D0000230086004994868D1F808C0CB680A6962
:10A0E00001386FF35F204FF60061CFF6FF7101EB8F
:10A0F0004C2189B208440021CFF6FF7101EB0341E6
:10A1000001F4FE0108444FF07F4101EB026101F0D0
:10A11000FE41084444F23841C5F602010860FFE7F9
:10A1200044F22C41C5F602010091086820F0C000FD
:10A13000049A526910430860086820F02000049ACD
:10A14000926910430860086820F01000086044F22B
:10A150003C42C5F6020210684FF6F8739843049B20
:10A16000DB6940EAC3001060086840F01000086036
:10A17000039848B9FFE744F22C41C5F6020108688C
:10A1800040F40020086016E00398012809D1FFE799
:10A1900044F22C41C5F60201086840F480100860C2
:10A1A00008E044F22C41C5F60201086840F40010B2
:10A1B0000860FFE7FFE744F20041C5F602010868C6
:10A1C00040F080600860F9F70FFD0290FFE744F26D
:10A1D0000040C5F60200006800F000610020B0EB0E
:10A1E000D16F0CD1FFE7F9F7FFFC0299401A032861
:10A1F00004D3FFE703208DF8170006E0E7E7FFE749
:10A200009DF807008DF81700FFE79DF8170006B0CE
:10A2100080BD00000000000080B586B0049003916E
:10A2200000208DF8070044F22840C5F602000068BF
:10A2300000F00300032804D1FFE701208DF8170088
:10A24000CBE044F20041C5F60201086820F08050DE
:10A250000860F9F7C9FC0290FFE744F20040C5F638
:10A260000200006800F000510020B0EB517F0CD0DC
:10A27000FFE7F9F7B9FC0299401A032804D3FFE776
:10A2800003208DF81700A8E0E7E7FFE744F2284134
:10A29000C5F60201086820F07C70049A126840EA52
:10A2A0000250086004994868D1F808C0CB680A6970
:10A2B00001386FF35F204FF60061CFF6FF7101EBBD
:10A2C0004C2189B208440021CFF6FF7101EB034114
:10A2D00001F4FE0108444FF07F4101EB026101F0FF
:10A2E000FE41084444F24041C5F602010860FFE720
:10A2F00044F22C41C5F602010091086820F4406048
:10A30000049A526910430860086820F40070049AA7
:10A31000926910430860086820F48070086044F275
:10A320004442C5F6020210684FF6F8739843049B46
:10A33000DB6940EAC3001060086840F48070086080
:10A34000039848B9FFE744F22C41C5F602010868BA
:10A3500040F48000086016E00398012809D1FFE767
:10A3600044F22C41C5F60201086840F40000086080
:10A3700008E044F22C41C5F60201086840F0807004
:10A380000860FFE7FFE744F20041C5F602010868F4
:10A3900040F080500860F9F727FC0290FFE744F294
:10A3A0000040C5F60200006800F000510020B0EB4C
:10A3B000517F0CD1FFE7F9F717FC0299401A0328E7
:10A3C00004D3FFE703208DF8170006E0E7E7FFE777
:10A3D0009DF807008DF81700FFE79DF8170006B0FD
:10A3E00080BD000000000000704700000000000079
:10A3F00080B582B0009000980138B0F1807F03D31F
:10A40000FFE70120019019E0009801384EF2140195
:10A41000CEF2000108604FF0FF300F2101F030FE56
:10A420004EF21801CEF20001002008604EF2100238
:10A43000CEF20002072111600190FFE7019802B0FF
:10A4400080BD00000000000080B5F9F7D5FB80BD9D
:10A4500080B59EB00BA84C21F6F720F800200190A3
:10A460000A90099008900790069005900490039038
:10A470000220F9F705FDFFE70020029044F61800DE
:10A48000C5F60200016841F440410160006800F433
:10A490004040029040F22C40C5F60000016841F0B7
:10A4A00001010160006800F0010002900298FFE7DE
:10A4B000FFE744F61800C5F60200006800F40050FB
:10A4C000B0F5005F01D0FFE7F3E701200B904FF4F8
:10A4D00080300C9002201490159005211691C02117
:10A4E0001791189019901A9008201B9000201C902A
:10A4F0001D900BA8FCF7A8FB18B1FFE7F6F704FACC
:10A50000FFE73F20039003200490002005900820DF
:10A5100006904020079008904FF4806109910A90BE
:10A5200003A80421FBF770FF18B1FFE7F6F7ECF979
:10A53000FFE71EB080BD000081B04EF68851CEF21C
:10A540000001086840F47000086042F20000C5F2A3
:10A550000020006800F00F0006280AD8FFE742F24A
:10A560000001C5F200210868072262F303000860B9
:10A57000FFE744F20041C5F60201086840F001001F
:10A58000086044F21042C5F602020020106008681C
:10A590004EF67F52CEF6F6221040086042F20000DE
:10A5A000C5F20020006800F00F0008280AD3FFE77A
:10A5B00042F20001C5F200210868072262F303009D
:10A5C0000860FFE744F21841C5F602010020009040
:10A5D000086044F21C41C5F60201086044F22041C3
:10A5E000C5F60201086044F22842C5F6020240F2B4
:10A5F0000021C0F20221116044F22C42C5F6020291
:10A600000021C0F2FF11116044F23042C5F602028F
:10A6100040F28021C0F20111116044F23442C5F6CB
:10A620000202106044F23842C5F60202116044F2A0
:10A630003C42C5F60202106044F24042C5F60202F6
:10A64000116044F24441C5F60201086044F2004240
:10A65000C5F60202116821F48021116044F26041C4
:10A66000C5F60201086041F20001C5F60041096823
:10A67000B0EB517F07D1FFE748F20811C5F2001196
:10A6800001200860FFE744F2D440C5F602000068EC
:10A69000C004002814D4FFE744F2D441C5F60201F7
:10A6A000086840F48050086044F20002C5F20022BD
:10A6B00043F2D2001060086820F480500860FFE781
:10A6C00001B070470000000080B540F2CC10C2F22B
:10A6D0000040FDF7D5FE80BD80B540F21820C2F2E3
:10A6E0000040FDF7CDFE80BD80B540F26420C2F28F
:10A6F0000040FDF7C5FE80BD83B002900191029835
:10A700000068009002980021C4F20101884225D01F
:10A71000FFE70298B0F1804F20D0FFE7029840F2A7
:10A720000041C4F20001884218D0FFE7029840F6C9
:10A730000001C4F20001884210D0FFE7029840F601
:10A740000041C4F20001884208D0FFE7029840F2BD
:10A750000041C4F2010188420AD1FFE7009820F0CD
:10A760007000009001984168009808430090FFE74E
:10A7700002980021C4F2010188423DD0FFE702980F
:10A78000B0F1804F38D0FFE7029840F20041C4F2A8
:10A790000001884230D0FFE7029840F60001C4F281
:10A7A0000001884228D0FFE7029840F60041C4F239
:10A7B0000001884220D0FFE7029840F20041C4F235
:10A7C0000101884218D0FFE7029844F20001C4F268
:10A7D0000101884210D0FFE7029844F20041C4F220
:10A7E0000101884208D0FFE7029844F60001C4F254
:10A7F000010188420AD1FFE7009820F440700090E0
:10A800000198C168009808430090FFE7009820F085
:10A810008000019949690843009001988068029975
:10A82000C862019800680299886202980021C4F207
:10A830000101884220D0FFE7029840F20041C4F2B3
:10A840000101884218D0FFE7029844F20001C4F2E7
:10A850000101884210D0FFE7029844F20041C4F29F
:10A860000101884208D0FFE7029844F60001C4F2D3
:10A870000101884205D1FFE7019800690299086348
:10A88000FFE70299086840F004000860029901207F
:10A89000486100980299086003B07047000000000A
:10A8A00084B0039002910192029800F01F010120F0
:10A8B00088400090009A0399086A904308620198C2
:10A8C000029901F01F0100FA01F20399086A10438E
:10A8D000086204B07047000084B0039002910192B6
:10A8E000029800F00F01042088400090009A03991C
:10A8F000086A904308620198029901F00F0100FA7A
:10A9000001F20399086A1043086204B0704700001E
:10A9100085B004900391029201930498806800909E
:10A92000009820F47F40009003980299019A41EA30
:10A930000221014300980843009000980499886020
:10A9400005B070470000000083B0029001910298AA
:10A950008068009000984FF68F71CFF6CF71084055
:10A96000009001980099084340F00700009000987B
:10A970000299886003B0704785B0049003910498F1
:10A98000006A01900499086A20F0010008620498A6
:10A990004068009004988069029002984FF68F7189
:10A9A000CFF6FE7108400290029820F0030002905A
:10A9B00003980168029808430290019820F0020071
:10A9C0000190039881680198084301900498002140
:10A9D000C4F20101884220D0FFE7049840F2004110
:10A9E000C4F20101884218D0FFE7049844F2000144
:10A9F000C4F20101884210D0FFE7049844F20041FC
:10AA0000C4F20101884208D0FFE7049844F600012F
:10AA1000C4F2010188420ED1FFE7019820F008003E
:10AA200001900398C168019808430190019820F0B3
:10AA300004000190FFE704980021C4F2010188425C
:10AA400020D0FFE7049840F20041C4F2010188429F
:10AA500018D0FFE7049844F20001C4F201018842D3
:10AA600010D0FFE7049844F20041C4F2010188428B
:10AA700008D0FFE7049844F60001C4F201018842BF
:10AA800013D1FFE7009820F480700090009820F424
:10AA90000070009003984169009808430090039863
:10AAA0008169009808430090FFE700980499486086
:10AAB0000298049988610398406804994863019852
:10AAC0000499086205B0704785B00490039104981A
:10AAD000006A01900499086A20F010000862049846
:10AAE00040680090049880690290029848F6FF71CF
:10AAF000CFF6FF6108400290029820F44070029067
:10AB000003980168029840EA01200290019820F021
:10AB10002000019003988168019840EA011001909B
:10AB200004980021C4F20101884229D0FFE704986B
:10AB300040F20041C4F20101884221D0FFE70498AD
:10AB400044F20001C4F20101884203D1FFE7002072
:10AB5000B0B9FFE7049844F20041C4F20101884211
:10AB600003D1FFE7002058B9FFE7049844F600013D
:10AB7000C4F20101884212D1FFE7012078B9FFE752
:10AB8000019820F0800001900398C168019840EA84
:10AB900001100190019820F040000190FFE7049817
:10ABA0000021C4F20101884220D0FFE7049840F25E
:10ABB0000041C4F20101884218D0FFE7049844F232
:10ABC0000001C4F20101884210D0FFE7049844F26A
:10ABD0000041C4F20101884208D0FFE7049844F61E
:10ABE0000001C4F20101884215D1FFE7009820F46A
:10ABF00080600090009820F4006000900398416904
:10AC0000009840EA8100009003988169009840EA2A
:10AC100081000090FFE70098049948600298049929
:10AC200088610398406804998863019804990862D0
:10AC300005B070470000000085B0049003910498AF
:10AC4000006A01900499086A20F4807008620498F0
:10AC5000406800900498C069029002984FF68F7186
:10AC6000CFF6FE7108400290029820F00300029097
:10AC700003980168029808430290019820F400703C
:10AC8000019003988168019840EA0120019004989E
:10AC90000021C4F20101884229D0FFE7049840F264
:10ACA0000041C4F20101884221D0FFE7049844F238
:10ACB0000001C4F20101884203D1FFE70020B0B9CE
:10ACC000FFE7049844F20041C4F20101884203D135
:10ACD000FFE7002058B9FFE7049844F60001C4F2EA
:10ACE0000101884212D1FFE7012078B9FFE70198FE
:10ACF00020F4006001900398C168019840EA0120A7
:10AD00000190019820F480600190FFE704980021F1
:10AD1000C4F20101884220D0FFE7049840F20041CC
:10AD2000C4F20101884218D0FFE7049844F2000100
:10AD3000C4F20101884210D0FFE7049844F20041B8
:10AD4000C4F20101884208D0FFE7049844F60001EC
:10AD5000C4F20101884215D1FFE7009820F4805029
:10AD60000090009820F400500090039841690098EA
:10AD700040EA0110009003988169009840EA0110B0
:10AD80000090FFE700980499486002980499C86110
:10AD9000039840680499C86301980499086205B053
:10ADA000704700000000000085B0049003910498F3
:10ADB000006A01900499086A20F48050086204989F
:10ADC000406800900498C0690290029848F6FF71AC
:10ADD000CFF6FF6108400290029820F44070029084
:10ADE00003980168029840EA01200290019820F43B
:10ADF0000050019003988168019840EA0130019069
:10AE000004980021C4F20101884220D0FFE7049891
:10AE100040F20041C4F20101884218D0FFE70498D3
:10AE200044F20001C4F20101884210D0FFE7049807
:10AE300044F20041C4F20101884208D0FFE70498BF
:10AE400044F60001C4F2010188420BD1FFE70098EB
:10AE500020F48040009003984169009840EA8110F6
:10AE60000090FFE700980499486002980499C8612F
:10AE7000039840680499086401980499086205B031
:10AE8000704700000000000085B004900391049812
:10AE9000006A01900499086A20F4803008620498DE
:10AEA000406800900498406D029002984FF68F71B0
:10AEB000CFF6FE710840029003980168029808439B
:10AEC0000290019820F40030019003988168019865
:10AED00040EA0140019004980021C4F20101884237
:10AEE00020D0FFE7049840F20041C4F201018842FB
:10AEF00018D0FFE7049844F20001C4F2010188422F
:10AF000010D0FFE7049844F20041C4F201018842E6
:10AF100008D0FFE7049844F60001C4F2010188421A
:10AF20000BD1FFE7009820F480300090039841692E
:10AF3000009840EA01200090FFE7009804994860DB
:10AF400002980499486503984068049988650198B7
:10AF50000499086205B0704785B004900391049885
:10AF6000006A01900499086A20F48010086204982D
:10AF7000406800900498406D0290029848F6FF7176
:10AF8000CFF6FF610840029003980168029840EAFA
:10AF900001200290019820F400100190039881682C
:10AFA000019840EA0150019004980021C4F2010187
:10AFB000884220D0FFE7049840F20041C4F201012A
:10AFC000884218D0FFE7049844F20001C4F201015E
:10AFD000884210D0FFE7049844F20041C4F2010116
:10AFE000884208D0FFE7049844F60001C4F201014A
:10AFF00088420BD1FFE7009820F48020009003984E
:10B000004169009840EA81200090FFE70098049988
:10B010004860029804994865039840680499C86597
:10B0200001980499086205B0704700000000000014
:10B0300085B00490039102920498006A00900499EC
:10B04000086A20F001000862049880690190019864
:10B0500020F0F00001900299019840EA011001905F
:10B06000009820F00A00009003990098084300908F
:10B0700001980499886100980499086205B07047A6
:10B0800087B006900591049203930698006A019098
:10B090000699086A20F0010008620698806902900B
:10B0A000069901200022C4F201029142009044D08E
:10B0B000FFE706990120B1F1804F00903DD0FFE7F6
:10B0C0000699012040F20042C4F200029142009031
:10B0D00033D0FFE70699012040F60002C4F20002D7
:10B0E0009142009029D0FFE70699012040F60042E6
:10B0F000C4F20002914200901FD0FFE706990120A0
:10B1000040F20042C4F201029142009015D0FFE7E4
:10B110000699012041F60002C4F20002914200901B
:10B120000BD0FFE706984CF20001CBF6FE71084405
:10B13000B0FA80F040090090FFE70098C00748B1DE
:10B14000FFE7029820F00300029004990298084358
:10B15000029004E0029840F001000290FFE702989C
:10B1600020F0F000029003980001C1B20298084359
:10B170000290019820F00A000190059800F00A0161
:10B1800001980843019002980699886101980699F0
:10B19000086207B07047000085B0049003910292E6
:10B1A0000498006A00900499086A20F01000086270
:10B1B000049880690190019820F4704001900299F0
:10B1C000019840EA01300190009820F0A000009022
:10B1D0000399009840EA0110009001980499886151
:10B1E00000980499086205B0704700000000000054
:10B1F00082B001900198406E40B9FFE701990120AB
:10B20000A1F86A000199A1F8680032E010208DF8D9
:10B2100003008DF80200019800688068C0F3426066
:10B220008DF80100019800688068400F8DF80000DB
:10B230009DF802009DF800204DF2C013C0F60003F7
:10B24000995C48434DF2B811C0F600018A5CB0FB2E
:10B25000F2F0019AA2F86A009DF803009DF801201F
:10B260009B5C5843895CB0FBF1F00199A1F8680040
:10B27000FFE702B07047000081B00090009890F89E
:10B280002800000700280BD5FFE7009800684068F9
:10B2900020F40040009A1168926B10434860FFE769
:10B2A000009890F82800C00758B1FFE700980068A0
:10B2B000406820F40030009A1168D26A1043486058
:10B2C000FFE7009890F82800800700280BD5FFE7DB
:10B2D00000980068406820F48030009A1168126B72
:10B2E00010434860FFE7009890F8280040070028C6
:10B2F0000BD5FFE700980068406820F48020009A92
:10B300001168526B10434860FFE7009890F82800DE
:10B31000C00600280BD5FFE700980068806820F47D
:10B320008050009A1168D26B10438860FFE7009844
:10B3300090F82800800600280BD5FFE700980068E9
:10B34000806820F40050009A1168126C10438860E5
:10B35000FFE7009890F82800400600281CD5FFE77A
:10B3600000980068406820F48010009A1168526CC0
:10B37000104348600098406CB0F5801F0BD1FFE788
:10B3800000980068406820F4C000009A1168926C30
:10B3900010434860FFE7FFE7009890F82800000698
:10B3A00000280BD5FFE700980068406820F40020D3
:10B3B000009A1168D26C10434860FFE701B07047F3
:10B3C00080B588B0069006990020C1F89000F8F783
:10B3D0000BFC0590069800680068000700282FD530
:10B3E000FFE70698059B6A466FF07E4111604FF4B7
:10B3F0000011002200F06CFD08B3FFE7FFE7FFE754
:10B400000698006850E8000F20F080000490FFE7E5
:10B4100004990698026842E800100028F0D1FFE77E
:10B42000FFE706992020C1F88800FFE70699002071
:10B4300081F88400FFE703208DF81F005FE0FFE73D
:10B440000698006800684007002842D5FFE7069884
:10B45000059B6A466FF07E4111604FF48001002227
:10B4600000F036FDA0B3FFE7FFE7FFE706980068AE
:10B4700050E8000F20F490700390FFE703990698BE
:10B48000026842E800100028F0D1FFE7FFE7FFE77D
:10B49000FFE70698006850E8020F20F001000290D4
:10B4A000FFE702990698026842E802100028F0D1EE
:10B4B000FFE7FFE706992020C1F88C00FFE7069917
:10B4C000002081F88400FFE703208DF81F0016E0BC
:10B4D000FFE706992020C1F888000699C1F88C0082
:10B4E00006990020C86606990867FFE706990020BC
:10B4F00081F88400FFE700208DF81F00FFE79DF82A
:10B500001F0008B080BD000084B00390FFE7FFE794
:10B510000398006850E8000F20F490700290FFE755
:10B5200002990398026842E800100028F0D1FFE772
:10B53000FFE7FFE7FFE70398006850E8020F4FF6C8
:10B54000FE71CEF6FF7108400190FFE70199039864
:10B55000026842E802100028EDD1FFE7FFE70398F8
:10B56000C06E012814D1FFE7FFE7FFE703980068EA
:10B5700050E8000F20F010000090FFE700990398BA
:10B58000026842E800100028F0D1FFE7FFE7FFE77C
:10B5900003992020C1F88C0003990020C866039904
:10B5A000486704B07047000080B59CB01B90002035
:10B5B0008DF85F001B98006840F60041C5F6000159
:10B5C000884201D1FFE700E0FFE71B9988680B691B
:10B5D0004A69C9691843104308431A901B980068C8
:10B5E000006846F6F311CCF6FF7108401A9908433B
:10B5F0001B99096808601B980068406820F4405057
:10B600001B9A1168D268104348601B9880691A9091
:10B610001B98006840F60041C5F60001884206D03C
:10B62000FFE71B98016A1A9808431A90FFE71B98D6
:10B63000006880684FF2FF41C1F2FF1108401A997B
:10B6400008431B99096888601B980068C06A20F04D
:10B650000F001B9A1168526A1043C862FFE71B98DB
:10B66000006841F20001C4F20101884240F04180CB
:10B67000FFE744F25440C5F60200006800F03800CD
:10B6800001460E9128282FD80E99DFE801F0152DDC
:10B690002D2D2D2D2D2D192D2D2D2D2D2D2D1D2DFE
:10B6A0002D2D2D2D2D2D212D2D2D2D2D2D2D252DDE
:10B6B0002D2D2D2D2D2D290001208DF8650017E051
:10B6C00004208DF8650013E008208DF865000FE078
:10B6D00010208DF865000BE020208DF8650007E054
:10B6E00040208DF8650003E080208DF86500FFE7BD
:10B6F000D6E11B98006844F20041C4F20001884280
:10B700002ED1FFE744F25440C5F60200006800F075
:10B71000070001460D9105281DD80D99DFE801F0BD
:10B7200003070B0F131700208DF8650017E00420A6
:10B730008DF8650013E008208DF865000FE01020FB
:10B740008DF865000BE020208DF8650007E04020B3
:10B750008DF8650003E080208DF86500FFE79EE12D
:10B760001B98006844F60001C4F2000188422ED103
:10B77000FFE744F25440C5F60200006800F00700FD
:10B7800001460C9105281DD80C99DFE801F003074C
:10B790000B0F131700208DF8650017E004208DF8BB
:10B7A000650013E008208DF865000FE010208DF88B
:10B7B00065000BE020208DF8650007E040208DF843
:10B7C000650003E080208DF86500FFE766E11B98C7
:10B7D000006844F60041C4F2000188422ED1FFE720
:10B7E00044F25440C5F60200006800F0070001462C
:10B7F0000B9105281DD80B99DFE801F003070B0F0B
:10B80000131700208DF8650017E004208DF86500FF
:10B8100013E008208DF865000FE010208DF865001A
:10B820000BE020208DF8650007E040208DF86500D2
:10B8300003E080208DF86500FFE72EE11B9800688B
:10B8400045F20001C4F2000188422ED1FFE744F224
:10B850005440C5F60200006800F0070001460A9156
:10B8600005281DD80A99DFE801F003070B0F13170D
:10B8700000208DF8650017E004208DF8650013E0C6
:10B8800008208DF865000FE010208DF865000BE0B2
:10B8900020208DF8650007E040208DF8650003E06A
:10B8A00080208DF86500FFE7F6E01B98006841F204
:10B8B0000041C4F20101884240F04180FFE744F2B8
:10B8C0005440C5F60200006800F0380001460991B6
:10B8D00028282FD80999DFE801F0152D2D2D2D2DC1
:10B8E0002D2D192D2D2D2D2D2D2D1D2D2D2D2D2DAC
:10B8F0002D2D212D2D2D2D2D2D2D252D2D2D2D2D8C
:10B900002D2D290001208DF8650017E004208DF809
:10B91000650013E008208DF865000FE010208DF819
:10B9200065000BE020208DF8650007E040208DF8D1
:10B93000650003E080208DF86500FFE7ABE01B9811
:10B94000006847F60001C4F2000188422ED1FFE7EB
:10B9500044F25440C5F60200006800F007000146BA
:10B96000089105281DD80899DFE801F003070B0F9F
:10B97000131700208DF8650017E004208DF865008E
:10B9800013E008208DF865000FE010208DF86500A9
:10B990000BE020208DF8650007E040208DF8650061
:10B9A00003E080208DF86500FFE773E01B980068D6
:10B9B00047F60041C4F2000188422ED1FFE744F26D
:10B9C0005440C5F60200006800F0070001460791E8
:10B9D00005281DD80799DFE801F003070B0F13179F
:10B9E00000208DF8650017E004208DF8650013E055
:10B9F00008208DF865000FE010208DF865000BE041
:10BA000020208DF8650007E040208DF8650003E0F8
:10BA100080208DF86500FFE73BE01B98006840F64A
:10BA20000041C5F6000188422ED1FFE744F258409C
:10BA3000C5F60200006800F00700014606910528DF
:10BA40001DD80699DFE801F003070B0F131702203A
:10BA50008DF8650017E004208DF8650013E00820DC
:10BA60008DF865000FE010208DF865000BE02020B8
:10BA70008DF8650007E040208DF8650003E0802028
:10BA80008DF86500FFE703E080208DF86500FFE793
:10BA9000FFE7FFE7FFE7FFE7FFE7FFE7FFE7FFE776
:10BAA000FFE71B98006840F60041C5F60001884298
:10BAB00040F0B480FFE79DF865000146059102283B
:10BAC00014D0FFE70598042814D0FFE7059808284C
:10BAD00016D0FFE70598102818D0FFE70598202812
:10BAE00035D0FFE70598402837D03AE0F8F71CFA40
:10BAF0000F903CE013A8F8F777FB14980F9036E00E
:10BB000010A8F8F7BDFC11980F9030E044F2004007
:10BB1000C5F60200006800F020010020B0EB511FC4
:10BB20000ED0FFE744F20040C5F602000068C0F303
:10BB3000C10149F20000C0F2D030C8400F9005E0CA
:10BB400049F20000C0F2D0300F90FFE70FE040F65E
:10BB50000010C0F23D000F9009E04FF400400F903C
:10BB600005E000200F9001208DF85F00FFE70F989F
:10BB7000002852D0FFE70F981B994A6A4DF2C8116E
:10BB8000C0F6000131F81210B0FBF1F016901698D3
:10BB90001B99496801EB4101884207D3FFE71698DA
:10BBA0001B994968B0EB013F04D9FFE701208DF8EC
:10BBB0005F0031E00F981B994A6803924A6A4DF280
:10BBC000C811C0F6000131F8122000230493194671
:10BBD000F4F7ECFB039A049B090241EA10610002AE
:10BBE00010EB520041F10001F4F7E0FB18901898B7
:10BBF000B0F5407F0BD3FFE718990020B0EB115F41
:10BC000005D1FFE718981B990968C86003E0012077
:10BC10008DF85F00FFE7FFE7FFE746E11B98C0698B
:10BC2000B0F5004F40F0A880FFE79DF865000146A1
:10BC30000291402800F263800299DFE801F021259B
:10BC40006060296060602F60606060606060356087
:10BC500060606060606060606060606060605660EE
:10BC600060606060606060606060606060606060D4
:10BC700060606060606060606060606060605C0028
:10BC8000FAF73AFE0F9040E0FAF74AFE0F903CE0D8
:10BC900013A8F8F7A9FA14980F9036E010A8F8F74F
:10BCA000EFFB11980F9030E044F20040C5F602001F
:10BCB000006800F020010020B0EB511F0ED0FFE71C
:10BCC00044F20040C5F602000068C0F3C10149F229
:10BCD0000000C0F2D030C8400F9005E049F20000EB
:10BCE000C0F2D0300F90FFE70FE040F60010C0F236
:10BCF0003D000F9009E04FF400400F9005E0002058
:10BD00000F9001208DF85F00FFE70F9898B3FFE7D1
:10BD10000F981B9A5168536A4DF2C812C0F6000280
:10BD200032F81320B0FBF2F0400000EB5100B0FB02
:10BD3000F1F018901898102818D3FFE7BDF86200AA
:10BD4000A0B9FFE7189820F00F00ADF8660018982A
:10BD500000F00E01BDF8660040EA5100ADF8660043
:10BD6000BDF866001B990968C86003E001208DF8E2
:10BD70005F00FFE7FFE797E09DF86500014601914E
:10BD8000402800F263800199DFE801F0212560601E
:10BD9000296060602F606060606060603560606036
:10BDA000606060606060606060606060566060609D
:10BDB0006060606060606060606060606060606083
:10BDC0006060606060606060606060605C00FAF7A6
:10BDD00093FD0F9040E0FAF7A3FD0F903CE013A80D
:10BDE000F8F702FA14980F9036E010A8F8F748FB1D
:10BDF00011980F9030E044F20040C5F60200006850
:10BE000000F020010020B0EB511F0ED0FFE744F2FC
:10BE10000040C5F602000068C0F3C10149F200000D
:10BE2000C0F2D030C8400F9005E049F20000C0F2E7
:10BE3000D0300F90FFE70FE040F60010C0F23D0059
:10BE40000F9009E04FF400400F9005E000200F90A4
:10BE500001208DF85F00FFE70F9820B3FFE70F98F0
:10BE60001B9A5168536A4DF2C812C0F6000232F8AC
:10BE70001320B0FBF2F000EB5100B0FBF1F0189092
:10BE8000189810280AD3FFE7BDF8620030B9FFE721
:10BE9000BDF860001B990968C86003E001208DF8B7
:10BEA0005F00FFE7FFE7FFE7FFE71B990120A1F82D
:10BEB0006A001B99A1F868001B99002048671B992C
:10BEC00088679DF85F001CB080BD00000000000086
:10BED00080B586B0DDF820C0049003918DF80B206A
:10BEE0000193FFE704980068C06903990840401A6D
:10BEF000B0FA80F040099DF80B10884266D1FFE748
:10BF000008980130002860D0FFE7F7F76DFE01992F
:10BF1000401A0899884203D8FFE7089820B9FFE73C
:10BF200003208DF8170055E004980068006840076A
:10BF3000002849D5FFE70398802845D0FFE70398FC
:10BF4000402841D0FFE704980068C06900F008016C
:10BF50000120B0EBD10F16D1FFE70498016808204B
:10BF6000009008620498FFF7CFFA00980499C1F88E
:10BF70009000FFE70499002081F88400FFE701208A
:10BF80008DF8170026E004980068C06900F400618D
:10BF90000120B0EBD12F16D1FFE7049801684FF4D0
:10BFA000006008620498FFF7AFFA04992020C1F8F6
:10BFB0009000FFE70499002081F88400FFE7032048
:10BFC0008DF8170006E0FFE7FFE78BE700208DF80C
:10BFD0001700FFE79DF8170006B080BD00000000C5
:10BFE000FFE7FEE70000000080B58AB08DED090A8A
:10BFF000CDED080A8DED071A099800900898019078
:10C000000798029000980199029A05920491039072
:10C0100000208DF818008DF8190080208DF81A0086
:10C020007F208DF81B0040F2B020C2F2004003A92F
:10C0300010220A23FCF7B8FF0AB080BD0000000000
:10C0400081B0ADF80200BDF9020000280ED4FFE770
:10C05000BDF9021001F01F02012090404A094EF282
:10C060000011CEF2000141F82200FFE701B0704755
:10C070004EF60C50CEF200000068C0F3022070476C
:10C0800082B0ADF806000091BDF9060000280AD480
:10C09000FFE700980001BDF906104EF20042CEF213
:10C0A000000288540BE000980001BDF8061001F072
:10C0B0000F014EF61452CEF200028854FFE702B090
:10C0C000704700000000000083B00290029800F06A
:10C0D000070000904EF60C51CEF200010868019066
:10C0E00001984FF6FF02104001900198009A40EA33
:10C0F00002200022C0F2FA52104301900198086019
:10C1000003B070470000000080B582B000200190AD
:10C11000FDF762FAF7F780FDFEF79AF9FDF744FBA9
:10C12000FDF786FAFDF7BCFBFDF70AFDFDF77CFC89
:10C13000FDF7D6FCFDF7ECFDFDF7F6FDF5F744F84D
:10C14000FFE740F22C10C2F2004090ED000A40F2EE
:10C15000F000C2F20040D0ED000A40F20410C2F23A
:10C16000004090ED091AFFF73FFFEAE7410008029F
:10C1700018BF04200A0E18BF40F001004FF07F42A4
:10C1800032EA010108BF40F00200012808BF052083
:10C190007047000010EE101A08B5444A6846B2EB2A
:10C1A000410F28D94FF0E640B0EB410F94BF00207B
:10C1B0004FF0FF3000900098002861DB60EE000A2D
:10C1C00010F0010F45D010F0020FDFED391A9FED8E
:10C1D000391A00EEA11ADFED381A40EE811A21EE6D
:10C1E000A01AF0EE400A40EE010A08BFF1EE600A24
:10C1F000B0EE600A08BD314B21F0004293423CD9B9
:10C2000011F0004FDFED2E0A20EE201ADFED2D0A8F
:10C2100019BF31EE601A71EE200A31EE201A71EE6C
:10C22000600ABDEEE01A11EE100A9FED271A00F029
:10C23000030000EEC10A9FED251A009000EEC10A2E
:10C240009FED231A00EEC10A9FED221A00EEC10AEB
:10C25000B1E79FED211A9FED210A10F0020F00EEC9
:10C26000810A9FED1F1A00EE801AB7EE000A00EE59
:10C27000810A18BFB1EE400A08BD00F069F99AE7DB
:10C2800010EE100A4000B0F17F4F3CBFB7EE000A3D
:10C2900008BD07D14FF00100F4F72FF9BDE80840C1
:10C2A00000F046B9BDE8084000F03EB9B61F927EE6
:10C2B000336D4CB9DA82083CA0AA2ABE490E494621
:10C2C00083F9223F0000004B0000C93F00A0FD3968
:10C2D0000020A2331A61342CB93AB2BACA9F2A3D5F
:10C2E000DDFFFFBE00B510EE101A2DED028B81B000
:10C2F000524A6846B2EB410F2ED94FF0E640B0EB00
:10C30000410F94BF00204FF0FF3000900098B0EE36
:10C31000408A00286ADB10F0010F4BD068EE080A53
:10C320009FED471A9FED470A00EE810A9FED461ADE
:10C3300010F0020F00EE801AB7EE000A00EE810A3C
:10C3400002BF01B0BDEC028B00BD00BF01B0B1EE79
:10C35000400ABDEC028B00BD3C4B21F000429342F1
:10C3600041D911F0004FDFED3A0A20EE201ADFED3F
:10C37000390A19BF31EE601A71EE200A31EE201A27
:10C3800071EE600ABDEEE01A11EE100A9FED321A4E
:10C3900000F0030000EEC10A9FED301A009000EE9D
:10C3A000C10A9FED2F1A00EEC10A9FED2E1A00EE72
:10C3B000C10AABE728EE080A9FED2B1ADFED2B0A26
:10C3C00010F0020F40EE010A9FED291A00EE201A2C
:10C3D00061EE000AB0EE480A08EE200AB6D101B0BC
:10C3E000BDEC028B00BD00F0B3F88FE718EE100A29
:10C3F0004000B0F17F4F0DD218EE100AFFF7B6FEE5
:10C40000042808BF00F09CF8B0EE480A01B0BDEC6B
:10C41000028B00BD09D10120F4F76FF801B0BDEC2B
:10C42000028B5DF804EB00F083B801B0B0EE480A6F
:10C43000BDEC028B5DF804EB00F076B8B61F927E7F
:10C44000B93AB2BACA9F2A3DDDFFFFBE490E49463E
:10C4500083F9223F0000004B0000C93F00A0FD39D6
:10C460000020A2331A61342C336D4CB9DA82083CB7
:10C47000A0AA2ABE00B52DED048BB0EE409AF0EED6
:10C48000609A83B051EC190B00F040FC41EC180BA2
:10C4900018EE100A18EE901A8DED008B002818BFC8
:10C4A0000120084320F00040C0F17F6000F1E0402F
:10C4B000C00F14D019EE101A19EE900A8DED009BE2
:10C4C000002918BF0121084320F00040C0F17F601F
:10C4D00000F1E040C00F04BF0120F4F70EF8B0EE09
:10C4E000480A03B0F0EE680ABDEC048B00BD10B53D
:10C4F0002DED028BB1EEC08A18EE100A20F000403C
:10C50000C0F1FF40C00F0AD010EE100A20F000402A
:10C51000C0F1FF40C00F04BF0120F3F7EEFFB0EE03
:10C52000480ABDEC028B10BD30EE000A70470000D7
:10C53000DFED020A80EEA00A704700000000000054
:10C540009FED020A20EE000A704700000000001074
:10C550002DE9F0014FF07F42B2EB410F9FBF4FF04A
:10C56000FF310160BDE8F00170474FF0004242EA40
:10C570000123C1F3C752783A551112F01F0C434CF6
:10C58000CCF120067C44C1F3C752A2F178024FEAF5
:10C59000621204EB820254F8254008BFD2E901562A
:10C5A00012D0556804FA0CF425FA06F73C43976854
:10C5B00005FA0CF527FA06F8D26807FA0CFCF240E7
:10C5C00045EA08054CEA0206A4FB034CA5FB03520E
:10C5D000A6FB03631D449D4234BF012600261319A8
:10C5E000334416B1934202D903E0934201D20122AF
:10C5F00000E00022624402F1200C9206DC0C42EAC8
:10C60000443200EE102A5B03DFED210AF8EEC01A77
:10C6100000EE103A4FEA9C1C11F0004FB8EE400AB1
:10C62000C0F800C020EE201A00EE105ADFED190A03
:10C63000B8EE400A20EE200A71EE810A70EE800A00
:10C6400010EE902A02F500626FF30B0200EE902AC2
:10C6500070EEE11A31EEC11ADFED101A30EE411A18
:10C660009FED0D0A20EE800A01EE210A9FED0C1AC3
:10C6700000EE810A04BFBDE8F0017047CCF18051A3
:10C680000160BDE8F001B1EE400A7047000C000007
:10C69000000000360000802C22AAFD29DB0FC92FE4
:10C6A0000000C92F21F0004201F00043A2F16052C6
:10C6B000B2F5801F28BFD2F17F6C0BD95FEA001C56
:10C6C00043EAC20242EB507018BF704728BF20F007
:10C6D00001007047B2F5801FBCBF184670474FEA93
:10C6E000410C1CF5001F02D2084600F047BD70B592
:10C6F00000F0B8FA00000089FFF7F6BF4FF00040E5
:10C70000A0F580007047000010B591EA030F48BF04
:10C7100083F0004300F1CE83841A71EB030C05D241
:10C72000121943EB0C03001B61EB0C014FEA11548F
:10C73000A4EB135CDFF81CE11EEA430F18BF9EEA6E
:10C74000445F00F0748021EA045123EA0E0343F4AD
:10C750008013DCF1200E32D322FA0CFE10EB0E0017
:10C7600023FA0CFE41EB0E01CCF1200E03FA0EFE73
:10C7700010EB0E00CCF1200E51F10001B1F5801F3D
:10C7800032D201EB045112FA0EF2BDE8104058BF4C
:10C790007047401C38BF5FEA420218BF704700284C
:10C7A00014BF20F0010041F100014FEA410313F5ED
:10C7B000001F38BF7047A1F1C04100F0A1BA012AA3
:10C7C00043EB0302ACF1200CDCF11F0E32BF4FF043
:10C7D000000E23FA0CF310EB030041EB0451B4EB11
:10C7E000115FD0D0A1EB045101F58011490801EB94
:10C7F00004515FEA30000ED350F1000038BF12FA46
:10C800000EFE08D1BDE81040C9E7401C38BF5FEA02
:10C810004202CAD1C3E7BDE810404FEA410313F515
:10C82000001F38BF7047A1F1C04100F069BA9EEA0D
:10C83000445F08D011EA5E0FBDE8104004BF01F06C
:10C84000004100207047BDE8104070B500F00AFAC2
:10C8500064FBBE3E0000E0FF2DE9C04130B4DFF8CC
:10C86000A8C23CEA111418BF3CEA131400F0F0808F
:10C870001CEA111481EA030544EAD57418BF1CEAC6
:10C88000131500F0CB80A4EB050404F17F7404F5CC
:10C8900000344FF0004545EAC12145EAC32341EA8F
:10C8A000505143EA52534FEAC0204FEAC222994204
:10C8B00008BF904200F0A0804FEA13650FF24816BF
:10C8C000765D4FEA134506FB05F7C7F1807706FB57
:10C8D00007F74FEAD737A7FB03687642A7FB06CED8
:10C8E000C8F5803838BFA8F1010807FB08E6A6FBA9
:10C8F000028C4FF0000EE6FB03CED8F100086FEA81
:10C900000C0C5CF1000C6FEA0E0E4EF1004EA6FB13
:10C910000C584FF00007E6FB0E87A1FB08C6A0FBF2
:10C9200007CE16EB0E064FF0000545F10005E1FBC2
:10C93000076515F1E04E7EBFA4F580345FEA460638
:10C940006D4116F1800745F100054FEA172747EAC8
:10C9500005674FEA15254FEA0666A6F1DE46B6F1F1
:10C96000805F20D9384605EBC47124F0010C01EB3F
:10C970000C11BCF1FE6F02D8F0BCBDE8008124426E
:10C980005CBF01F5801E9EEAC47F02D4F0BCBDE806
:10C990000081244200F13980A1F1C041F0BCBDE822
:10C9A000004100F0ADB94FEAD02040EA41504FEAD3
:10C9B000D1214FEAD22242EA43524FEAD323A7FBC6
:10C9C000028607FB036605FB02661EEA0E0F58BFD0
:10C9D000A6EB0056B6EB00564FEA520E4EEAC37E67
:10C9E00018EB0E0E56EB530EBCD518EB02085E4149
:10C9F0007F1C55F10005B5E74FF480154FF0000797
:10CA00004FF000064FF00008ACE701F1C04101F023
:10CA100000414FF00000F0BCBDE800810CEA1315A6
:10CA200011EA0C1F00D00CE013EA0C1F00F0258067
:10CA30004FF0000081EA030101F00041F0BCBDE8C5
:10CA40000081F0BCBDE8004181EA030100F058B963
:10CA5000F0BCBDE8004170B500F004F9097EFC3E71
:10CA600000F007B84FF0000081EA030101F0004137
:10CA7000704781EA030100F043B9F0BCBDE8004112
:10CA800022494FF000007047FFFDFBF9F7F5F4F283
:10CA9000F0EEEDEBE9E8E6E4E3E1E0DEDDDBDAD859
:10CAA000D7D5D4D3D1D0CFCDCCCBCAC8C7C6C5C4B7
:10CAB000C2C1C0BFBEBDBCBBBAB9B8B7B6B5B4B3CE
:10CAC000B2B1B0AFAEADACABAAA9A8A8A7A6A5A4B9
:10CAD000A3A3A2A1A09F9F9E9D9C9C9B9A9999987D
:10CAE0009797969595949393929191908F8F8E8E20
:10CAF0008D8C8C8B8B8A89898888878786858584AD
:10CB000084838382828181800000FF070000F87F98
:10CB100070B5DFF848C11CEA111E1EBF1CEA1315D0
:10CB20009EEA0C0F95EA0C0F00F06F8081EA030477
:10CB30004EEAD47EAE4421EA4C1123EA4C1341F470
:10CB4000801143F48013AEF17F7EA1FB024CA0FB69
:10CB50000365361955EB0C05A1FB034C4CF10003A2
:10CB6000A0FB021C16EB0C06654153F100030942C1
:10CB700018BF46F0010613F4007F0BD14FEA0331D2
:10CB80004FEA053041EA155140EA165034036FF080
:10CB900003020AE04FEAC3214FEAC52041EA55519A
:10CBA00040EA5650F4026FF0020202EB2E4201EB13
:10CBB000025585EACE710AD05FEA440C18BF24F012
:10CBC000004450F1000041F1000120EAD47040F22D
:10CBD000FE7C624500D270BDA84214BF4FF0804475
:10CBE0004FF04044002E08BF0024BEF1806FA8BF64
:10CBF000A1F1C041BDE8704080F2828001F1C041E6
:10CC000001F000414FF0000070470CEA13159EEA56
:10CC10000C0F18BF95EA0C0F06D081EA030E4FF0F7
:10CC200000000EF0004170BD00F01CF88900013ECC
:10CC300000F007B800F009B84FEA430C5FEA5C5C0B
:10CC400008D081EA030100F05BB84FEA410C5FEACB
:10CC50005C5CF6D102494FF0000070470000FF070E
:10CC60000000F87F0EF1020E2EF0030E5EF8046B4A
:10CC7000364205D4012A43EB030515F5001F12D8EF
:10CC8000012841EB010C1CF5001F0CD80ED14FEA16
:10CC9000D17C0CEB4C0C0CF1020C15F5001F08BFFD
:10CCA0004CEBD37C04E04FF0080C01E04FEAD37C5E
:10CCB0000CEB4C0526FA05F606F00706B6F1040C57
:10CCC00006D20EEB860CBDE870404CF0010C6047BC
:10CCD000DFE80CF0090B02024FF00041A1F5002142
:10CCE0004FF0000070BD19461046012851EB0104B9
:10CCF00018BFD4F5001484BF002001F0004170BDBE
:10CD00000808A0F500114FEA310170472DE9F04104
:10CD100001F5801CBCF5001FC0F2A9804FEA115C30
:10CD200021EA0C5141F480110CF1FD0C5FEA5C0C1E
:10CD30000CF5C07C01D340004941890241EA905181
:10CD400087022EA48E0EA45D0A0C04FB04F602FBDF
:10CD500006F6C6F14046A4FB0662F60D46EA4226F8
:10CD600006FB06F4A4FB01235242C3F1404338BF43
:10CD70005B1EA6FB02420024E6FB0324D20B42EA20
:10CD80004446A6FB0623A1FB02E2A3FB07E4E3FB68
:10CD900061426442C2F1404E38BFAEF1010EA6FBC3
:10CDA00004234FF00002E6FB0E32A2FB03463400E0
:10CDB000E2FB6264A1FB06E6A4FB07E8E4FB616812
:10CDC0007642C8F1405838BFA8F10108A2FB06E43A
:10CDD000A3FB08E5E2FB6854A1FB05E6A7FB04E81A
:10CDE000E1FB648618F1200556F10006A80940EA27
:10CDF0008660B109A8F11B0808F03F08B8F10A0FD6
:10CE00001CD901EB0C51BDE8F08100BFFCF5EEE848
:10CE1000E2DDD8D3CFCBC7C3C0BDB9B6B4B1AEACD9
:10CE2000A9A7A5A3A19F9D9B9A9896959392908F51
:10CE30008D8C8B898887868584838281A0FB00689E
:10CE400000FB01F208EB4208B8EB872807D534183D
:10CE500058EB0104D5D5401C51F10001D1E7341A3B
:10CE600078EB0104CDD4401E71F10001C9E75FEAFF
:10CE70004C0C5FEA9C5C0DD105D301F000414FF0F2
:10CE80000000BDE8F081BDE8F04170B5FFF7EAFEB3
:10CE90006DDBFFBEBDE8F04101494FF00000704777
:10CEA0000000F87F10B591EA030F48BF83F00043FC
:10CEB0003FF532AC841A71EB030C07D28CF0004CB6
:10CEC000121943EB0C03001B61EB0C014FEA1154E8
:10CED000A4EB135CDFF8A4E11EEA430F18BF9EEA3F
:10CEE000445F00F0B48021EA045123EA6E03524209
:10CEF000C3EB6E0338BF5B1EDCF1200E25D322FA94
:10CF00000CFE10EB0E0043FA0CFE41EB0E01CCF1CF
:10CF1000200E03FA0EFE10EB0E00CCF1200E51F1A4
:10CF2000000129D401EB045112FA0EF2BDE81040C1
:10CF300058BF7047401C1CBFB2F1004F704700281B
:10CF40000CBF491C20F00100704712EB020E43EBAE
:10CF5000030218BF4FF0010E4EEA4202ACF1200C62
:10CF6000DCF11E0E56D943FA0CFE10EB0E00CCF18C
:10CF70001E0E51F1FF31D5D50EF1010E12FA0EFE43
:10CF8000404141EB010101EB445C5FEA5C5C10D97C
:10CF900001EB045110EBDE7038BFBEF1004FBDE86D
:10CFA000104018BF704700280CBF491C20F001003A
:10CFB000704734D24FEAD42C24F4006411F50011E8
:10CFC0001BD0B1FA81F20B3AA41AA41ED2F12003AD
:10CFD000914030FA03F31943904001EBCC7101EB1F
:10CFE0000451002CBDE81040A8BF704701F1C041BA
:10CFF00001F000414FF000007047B0FA80F310FAE2
:10D0000003F102D1BDE810407047E41A173C48050F
:10D01000C90AE2E701EB0451BDE81040704749102E
:10D020004FEA300001EB0451BDE8104002E04FF040
:10D03000000170474A0008BF0042F8D0B2F5001F57
:10D0400028BF704701F000414FF0000070479EEA92
:10D05000445F07D011EA5E0FBDE8104004BF002115
:10D0600000207047BDE8104070B5FFF7FBFD00BF22
:10D0700040DFF63E104683F0004170470000E0FFBD
:10D0800043004FEAD30C4FEA3C0C43401FBF40071C
:10D090000CF1605113F0FE4F70471CF0006F03D18C
:10D0A0000CF00041002070470CF0004343EA507040
:10D0B00040EACC0010B500F00EF800BF000000926E
:10D0C0004FEA0001FFF71CBE4FF00041A1F500211F
:10D0D0004FF0000070470EF1020E2EF0030E5EF8C6
:10D0E000044B244204D44FEA4102B2F17F4F11D8DD
:10D0F0004FEA4003B3F17F4F0CD80ED14FEAD07CFA
:10D100000CEB4C0C0CF1020CB2F17F4F08BF4CEB56
:10D11000D17C04E04FF0080C01E04FEAD17C0CEB2D
:10D120004C0324FA03F404F00704B4F1040C06D20F
:10D130000EEB840CBDE810404CF0010C6047DFE8BA
:10D140000CF0070802024FF00040A0F5800010BD6F
:10D150000846420018BFD2F1807288BF00F000403C
:10D1600010BDF1EE100A4FF6FF71C0F2C03120EA97
:10D17000010040F04070E1EE100A7047FF2141EAE3
:10D18000D050C00570470000000000006E83F9A277
:10D190002915444ED15727FCC0DD34F5999562DB43
:10D1A0004190433CAB6351FE0000000001020304C8
:10D1B000010203040607080908040204080101012A
:10D1C0000101010307010000010002000400060044
:10D1D00008000A000C001000200040008000000140
:10D1E00000D200080000002470000000FC020008CB
:10D1F00070D2000870000024D80800001C0300084A
:10D2000000000000000000000000000000000041DD
:10D210000AD7233C000000000000000000000000CE
:10D22000000000000000A0400000A0C0000000407E
:10D230000000000000000000000020416F12833A4F
:10D2400000000000000000000000000000000000DE
:10D250000000A0400000A0C000000040000000004E
:10D260000090D0030090D0030100000010000000E7
:040000050800029954
:00000001FF
